#OTU ID	AHA_ASH.blast	AHA_BEE.blast	AHA_BET.blast	AHA_HAZ.blast	AHA_OAK.blast	AHB_ASH.blast	AHB_BEE.blast	AHB_BET.blast	AHB_OAK.blast	AHC_ASH.blast	AHC_BET.blast	AHC_HAZ.blast	AHC_OAK.blast	BWA_ASH.blast	BWA_BEE.blast	BWA_BET.blast	BWA_HAZ.blast	BWA_OAK.blast	BWB_ASH.blast	BWB_BEE.blast	BWB_BET.blast	BWB_HAZ.blast	BWB_OAK.blast	BWC_ASH.blast	BWC_BEE.blast	BWC_BET.blast	BWC_HAZ.blast	BWC_OAK.blast	THA_ASH.blast	THA_BEE.blast	THA_BET.blast	THA_OAK.blast	THB_ASH.blast	THB_BEE.blast	THB_BET.blast	THB_OAK.blast	THC_ASH.blast	THC_BEE.blast	THC_OAK.blast	taxomomy
Calonectria_colhounii	0.0	0.0	0.0	0.0	0.0	0.0	0.0	0.0	0.0	0.0	0.0	0.0	0.0	0.0	3.0	0.0	5.0	0.0	8.0	0.0	4.0	0.0	0.0	0.0	0.0	0.0	0.0	0.0	0.0	0.0	0.0	0.0	4.0	0.0	0.0	0.0	0.0	0.0	8.0	['k__Fungi', 'p__Ascomycota', 'c__Sordariomycetes', 'o__Hypocreales', 'f__Nectriaceae', 'g__Calonectria', 's__Calonectria_colhounii']
Anyphaena_accentuata	0.0	0.0	0.0	0.0	0.0	0.0	0.0	0.0	0.0	0.0	0.0	0.0	0.0	0.0	0.0	0.0	0.0	3.0	365.0	21.0	13.0	0.0	0.0	0.0	0.0	0.0	0.0	0.0	0.0	0.0	0.0	0.0	0.0	0.0	15.0	52.0	0.0	0.0	0.0	['k__Metazoa', 'p__Arthropoda', 'c__Arachnida', 'o__Araneae', 'f__Anyphaenidae', 'g__Anyphaena', 's__Anyphaena_accentuata']
Cyclosa_conica	0.0	0.0	0.0	0.0	0.0	0.0	0.0	0.0	0.0	0.0	0.0	0.0	0.0	0.0	347.0	0.0	0.0	34.0	0.0	0.0	0.0	0.0	0.0	0.0	0.0	0.0	0.0	0.0	0.0	0.0	0.0	0.0	0.0	0.0	0.0	0.0	0.0	0.0	0.0	['k__Metazoa', 'p__Arthropoda', 'c__Arachnida', 'o__Araneae', 'f__Araneidae', 'g__Cyclosa', 's__Cyclosa_conica']
Clubiona_pallidula	0.0	0.0	0.0	0.0	0.0	0.0	0.0	0.0	0.0	0.0	0.0	0.0	0.0	0.0	0.0	0.0	0.0	0.0	0.0	0.0	0.0	0.0	0.0	0.0	0.0	0.0	0.0	0.0	0.0	0.0	19.0	4.0	0.0	0.0	0.0	0.0	0.0	0.0	0.0	['k__Metazoa', 'p__Arthropoda', 'c__Arachnida', 'o__Araneae', 'f__Clubionidae', 'g__Clubiona', 's__Clubiona_pallidula']
Dictyna_uncinata	0.0	0.0	0.0	0.0	0.0	0.0	0.0	0.0	0.0	0.0	0.0	0.0	0.0	0.0	0.0	0.0	0.0	0.0	0.0	0.0	0.0	265.0	28.0	0.0	0.0	0.0	0.0	0.0	0.0	0.0	0.0	0.0	0.0	0.0	0.0	0.0	0.0	0.0	0.0	['k__Metazoa', 'p__Arthropoda', 'c__Arachnida', 'o__Araneae', 'f__Dictynidae', 'g__Dictyna', 's__Dictyna_uncinata']
Helophora_insignis	0.0	0.0	0.0	0.0	0.0	0.0	0.0	0.0	0.0	0.0	0.0	0.0	0.0	0.0	0.0	0.0	0.0	0.0	0.0	0.0	0.0	0.0	0.0	0.0	5.0	0.0	21.0	0.0	0.0	0.0	0.0	0.0	0.0	0.0	0.0	0.0	0.0	0.0	0.0	['k__Metazoa', 'p__Arthropoda', 'c__Arachnida', 'o__Araneae', 'f__Linyphiidae', 'g__Helophora', 's__Helophora_insignis']
Aname_sp._MYG271	0.0	0.0	0.0	0.0	0.0	0.0	0.0	0.0	0.0	0.0	0.0	0.0	0.0	0.0	0.0	0.0	0.0	0.0	0.0	0.0	5.0	4.0	0.0	0.0	0.0	0.0	0.0	0.0	0.0	0.0	0.0	0.0	0.0	0.0	0.0	3.0	0.0	0.0	0.0	['k__Metazoa', 'p__Arthropoda', 'c__Arachnida', 'o__Araneae', 'f__Nemesiidae', 'g__Aname', 's__Aname_sp._MYG271']
Philodromus_albidus	0.0	0.0	0.0	0.0	0.0	0.0	0.0	0.0	0.0	0.0	0.0	0.0	0.0	0.0	0.0	0.0	0.0	0.0	0.0	0.0	0.0	0.0	0.0	0.0	0.0	0.0	0.0	0.0	0.0	0.0	0.0	0.0	11.0	21.0	0.0	0.0	0.0	0.0	0.0	['k__Metazoa', 'p__Arthropoda', 'c__Arachnida', 'o__Araneae', 'f__Philodromidae', 'g__Philodromus', 's__Philodromus_albidus']
Philodromus_aureolus	0.0	0.0	0.0	0.0	0.0	0.0	0.0	0.0	0.0	0.0	0.0	0.0	0.0	0.0	0.0	0.0	0.0	0.0	0.0	0.0	0.0	0.0	0.0	0.0	0.0	0.0	0.0	0.0	0.0	0.0	0.0	0.0	101.0	0.0	0.0	0.0	0.0	0.0	0.0	['k__Metazoa', 'p__Arthropoda', 'c__Arachnida', 'o__Araneae', 'f__Philodromidae', 'g__Philodromus', 's__Philodromus_aureolus']
Philodromus_praedatus	0.0	0.0	0.0	0.0	0.0	0.0	0.0	0.0	0.0	0.0	0.0	0.0	0.0	0.0	0.0	0.0	0.0	0.0	0.0	0.0	0.0	0.0	0.0	0.0	0.0	0.0	0.0	0.0	0.0	0.0	0.0	15.0	0.0	0.0	0.0	32.0	0.0	0.0	0.0	['k__Metazoa', 'p__Arthropoda', 'c__Arachnida', 'o__Araneae', 'f__Philodromidae', 'g__Philodromus', 's__Philodromus_praedatus']
Metellina_segmentata	0.0	0.0	0.0	0.0	4.0	0.0	0.0	0.0	0.0	0.0	0.0	0.0	0.0	0.0	0.0	0.0	0.0	0.0	273.0	0.0	0.0	0.0	0.0	0.0	0.0	0.0	0.0	0.0	0.0	0.0	0.0	0.0	0.0	0.0	0.0	0.0	0.0	0.0	0.0	['k__Metazoa', 'p__Arthropoda', 'c__Arachnida', 'o__Araneae', 'f__Tetragnathidae', 'g__Metellina', 's__Metellina_segmentata']
Enoplognatha_ovata	0.0	0.0	0.0	0.0	0.0	0.0	0.0	0.0	0.0	0.0	0.0	0.0	0.0	0.0	0.0	0.0	0.0	0.0	0.0	0.0	0.0	0.0	0.0	0.0	0.0	0.0	0.0	0.0	0.0	0.0	3.0	0.0	0.0	0.0	0.0	0.0	0.0	0.0	0.0	['k__Metazoa', 'p__Arthropoda', 'c__Arachnida', 'o__Araneae', 'f__Theridiidae', 'g__Enoplognatha', 's__Enoplognatha_ovata']
Paidiscura_pallens	0.0	0.0	0.0	0.0	43.0	0.0	0.0	0.0	0.0	0.0	0.0	0.0	16.0	0.0	0.0	0.0	0.0	6.0	0.0	0.0	0.0	0.0	0.0	0.0	0.0	0.0	0.0	0.0	0.0	0.0	0.0	0.0	100.0	0.0	0.0	0.0	0.0	0.0	0.0	['k__Metazoa', 'p__Arthropoda', 'c__Arachnida', 'o__Araneae', 'f__Theridiidae', 'g__Paidiscura', 's__Paidiscura_pallens']
Theridion_varians	0.0	0.0	0.0	0.0	0.0	0.0	0.0	0.0	0.0	0.0	0.0	0.0	0.0	0.0	0.0	0.0	0.0	0.0	0.0	0.0	0.0	0.0	0.0	0.0	0.0	0.0	0.0	0.0	0.0	0.0	0.0	0.0	169.0	0.0	0.0	0.0	0.0	0.0	0.0	['k__Metazoa', 'p__Arthropoda', 'c__Arachnida', 'o__Araneae', 'f__Theridiidae', 'g__Theridion', 's__Theridion_varians']
Diaea_livens	0.0	6.0	0.0	0.0	0.0	0.0	0.0	0.0	0.0	0.0	0.0	0.0	0.0	0.0	0.0	0.0	0.0	0.0	0.0	0.0	0.0	0.0	0.0	0.0	0.0	0.0	0.0	0.0	0.0	0.0	0.0	0.0	0.0	5.0	0.0	7.0	0.0	0.0	0.0	['k__Metazoa', 'p__Arthropoda', 'c__Arachnida', 'o__Araneae', 'f__Thomisidae', 'g__Diaea', 's__Diaea_livens']
Trombidiformes_sp._BOLD:ACI3657	0.0	0.0	0.0	202.0	0.0	0.0	0.0	0.0	0.0	0.0	0.0	0.0	0.0	0.0	0.0	0.0	0.0	0.0	0.0	0.0	0.0	0.0	0.0	0.0	0.0	0.0	0.0	0.0	0.0	0.0	0.0	0.0	0.0	0.0	0.0	0.0	0.0	0.0	0.0	['k__Metazoa', 'p__Arthropoda', 'c__Arachnida', 'o__unknown', 'f__unknown', 'g__unknown', 's__Trombidiformes_sp._BOLD:ACI3657']
Triops_cancriformis	221.0	0.0	0.0	0.0	22.0	0.0	0.0	0.0	0.0	0.0	0.0	0.0	0.0	0.0	0.0	0.0	0.0	0.0	0.0	0.0	0.0	19.0	0.0	0.0	0.0	0.0	0.0	0.0	0.0	0.0	0.0	0.0	60.0	0.0	0.0	0.0	0.0	0.0	24.0	['k__Metazoa', 'p__Arthropoda', 'c__Branchiopoda', 'o__Notostraca', 'f__Triopsidae', 'g__Triops', 's__Triops_cancriformis']
Lepidocyrtus_sp._BOLD:AAI1229	0.0	0.0	0.0	0.0	0.0	0.0	0.0	0.0	0.0	0.0	0.0	0.0	0.0	0.0	0.0	0.0	0.0	0.0	0.0	0.0	0.0	0.0	0.0	0.0	0.0	0.0	141.0	0.0	0.0	0.0	0.0	0.0	0.0	0.0	0.0	0.0	0.0	0.0	0.0	['k__Metazoa', 'p__Arthropoda', 'c__Collembola', 'o__unknown', 'f__Entomobryidae', 'g__Lepidocyrtus', 's__Lepidocyrtus_sp._BOLD:AAI1229']
Allacma_fusca	0.0	0.0	0.0	0.0	0.0	0.0	0.0	0.0	0.0	201.0	0.0	41.0	0.0	0.0	0.0	0.0	0.0	0.0	0.0	0.0	0.0	0.0	0.0	0.0	0.0	0.0	0.0	0.0	0.0	0.0	0.0	0.0	0.0	0.0	0.0	0.0	0.0	0.0	0.0	['k__Metazoa', 'p__Arthropoda', 'c__Collembola', 'o__unknown', 'f__Sminthuridae', 'g__Allacma', 's__Allacma_fusca']
Platystomos_albinus	0.0	0.0	0.0	0.0	0.0	0.0	0.0	0.0	0.0	0.0	0.0	0.0	0.0	0.0	0.0	0.0	0.0	0.0	0.0	0.0	0.0	0.0	0.0	0.0	0.0	0.0	0.0	0.0	3467.0	0.0	0.0	0.0	0.0	0.0	0.0	0.0	0.0	0.0	0.0	['k__Metazoa', 'p__Arthropoda', 'c__Insecta', 'o__Coleoptera', 'f__Anthribidae', 'g__Platystomos', 's__Platystomos_albinus']
Betulapion_simile	0.0	0.0	15.0	0.0	0.0	0.0	0.0	0.0	0.0	0.0	0.0	0.0	0.0	0.0	0.0	0.0	0.0	0.0	0.0	0.0	0.0	0.0	0.0	0.0	0.0	0.0	0.0	0.0	0.0	0.0	0.0	0.0	0.0	0.0	0.0	0.0	0.0	0.0	0.0	['k__Metazoa', 'p__Arthropoda', 'c__Insecta', 'o__Coleoptera', 'f__Brentidae', 'g__Betulapion', 's__Betulapion_simile']
Eutrichapion_ervi	0.0	0.0	0.0	0.0	0.0	5.0	0.0	0.0	0.0	0.0	0.0	0.0	0.0	0.0	0.0	0.0	0.0	0.0	0.0	0.0	0.0	0.0	0.0	0.0	0.0	0.0	0.0	0.0	0.0	0.0	0.0	0.0	0.0	0.0	0.0	171.0	0.0	0.0	0.0	['k__Metazoa', 'p__Arthropoda', 'c__Insecta', 'o__Coleoptera', 'f__Brentidae', 'g__Eutrichapion', 's__Eutrichapion_ervi']
Eutrichapion_vorax	0.0	0.0	0.0	0.0	0.0	0.0	0.0	0.0	0.0	0.0	0.0	0.0	0.0	0.0	0.0	0.0	0.0	96.0	0.0	0.0	0.0	0.0	0.0	0.0	0.0	0.0	0.0	0.0	0.0	0.0	0.0	0.0	0.0	0.0	0.0	0.0	0.0	0.0	0.0	['k__Metazoa', 'p__Arthropoda', 'c__Insecta', 'o__Coleoptera', 'f__Brentidae', 'g__Eutrichapion', 's__Eutrichapion_vorax']
Protapion_nigritarse	0.0	0.0	0.0	0.0	0.0	0.0	0.0	0.0	0.0	0.0	0.0	0.0	0.0	0.0	0.0	0.0	0.0	0.0	0.0	0.0	0.0	0.0	0.0	0.0	0.0	0.0	0.0	0.0	0.0	0.0	0.0	0.0	0.0	0.0	0.0	82.0	0.0	0.0	0.0	['k__Metazoa', 'p__Arthropoda', 'c__Insecta', 'o__Coleoptera', 'f__Brentidae', 'g__Protapion', 's__Protapion_nigritarse']
Byturus_tomentosus	0.0	0.0	0.0	7921.0	0.0	0.0	0.0	0.0	0.0	0.0	0.0	0.0	0.0	0.0	0.0	0.0	0.0	0.0	0.0	0.0	0.0	0.0	0.0	0.0	0.0	0.0	0.0	0.0	0.0	0.0	0.0	0.0	0.0	0.0	0.0	0.0	0.0	0.0	0.0	['k__Metazoa', 'p__Arthropoda', 'c__Insecta', 'o__Coleoptera', 'f__Byturidae', 'g__Byturus', 's__Byturus_tomentosus']
Demetrias_atricapillus	0.0	0.0	0.0	0.0	0.0	0.0	0.0	0.0	0.0	0.0	0.0	133.0	0.0	0.0	0.0	0.0	0.0	0.0	0.0	0.0	0.0	0.0	0.0	0.0	0.0	0.0	0.0	0.0	0.0	0.0	0.0	0.0	0.0	0.0	0.0	0.0	0.0	0.0	0.0	['k__Metazoa', 'p__Arthropoda', 'c__Insecta', 'o__Coleoptera', 'f__Carabidae', 'g__Demetrias', 's__Demetrias_atricapillus']
Crepidodera_aurata	0.0	0.0	0.0	0.0	0.0	0.0	0.0	0.0	0.0	0.0	0.0	0.0	0.0	0.0	0.0	0.0	0.0	0.0	0.0	0.0	0.0	0.0	0.0	0.0	0.0	0.0	0.0	489.0	0.0	0.0	0.0	0.0	0.0	0.0	0.0	0.0	0.0	0.0	0.0	['k__Metazoa', 'p__Arthropoda', 'c__Insecta', 'o__Coleoptera', 'f__Chrysomelidae', 'g__Crepidodera', 's__Crepidodera_aurata']
Crepidodera_fulvicornis	0.0	0.0	0.0	0.0	0.0	0.0	0.0	0.0	0.0	0.0	0.0	0.0	0.0	0.0	0.0	0.0	0.0	0.0	0.0	0.0	0.0	0.0	0.0	0.0	0.0	0.0	0.0	529.0	0.0	0.0	0.0	0.0	0.0	0.0	0.0	0.0	0.0	0.0	0.0	['k__Metazoa', 'p__Arthropoda', 'c__Insecta', 'o__Coleoptera', 'f__Chrysomelidae', 'g__Crepidodera', 's__Crepidodera_fulvicornis']
Cryptocephalus_pusillus	5.0	0.0	0.0	123.0	0.0	0.0	0.0	0.0	0.0	0.0	0.0	0.0	0.0	0.0	0.0	0.0	0.0	15951.0	0.0	0.0	0.0	0.0	25075.0	0.0	0.0	0.0	0.0	0.0	0.0	0.0	0.0	0.0	3.0	0.0	0.0	0.0	0.0	0.0	0.0	['k__Metazoa', 'p__Arthropoda', 'c__Insecta', 'o__Coleoptera', 'f__Chrysomelidae', 'g__Cryptocephalus', 's__Cryptocephalus_pusillus']
Longitarsus_parvulus	217.0	0.0	0.0	0.0	0.0	0.0	0.0	0.0	0.0	0.0	0.0	0.0	0.0	0.0	0.0	0.0	0.0	0.0	0.0	0.0	0.0	0.0	0.0	0.0	0.0	0.0	0.0	0.0	0.0	0.0	0.0	0.0	0.0	0.0	0.0	0.0	0.0	0.0	0.0	['k__Metazoa', 'p__Arthropoda', 'c__Insecta', 'o__Coleoptera', 'f__Chrysomelidae', 'g__Longitarsus', 's__Longitarsus_parvulus']
Psylliodes_chrysocephalus	0.0	0.0	0.0	0.0	0.0	0.0	0.0	0.0	0.0	0.0	0.0	0.0	0.0	490.0	296.0	0.0	1226.0	0.0	0.0	2667.0	0.0	0.0	0.0	0.0	1044.0	0.0	0.0	0.0	0.0	0.0	0.0	0.0	0.0	0.0	0.0	0.0	0.0	0.0	0.0	['k__Metazoa', 'p__Arthropoda', 'c__Insecta', 'o__Coleoptera', 'f__Chrysomelidae', 'g__Psylliodes', 's__Psylliodes_chrysocephalus']
Adalia_decempunctata	0.0	0.0	0.0	0.0	0.0	0.0	0.0	0.0	0.0	0.0	0.0	0.0	0.0	0.0	90.0	0.0	0.0	0.0	0.0	0.0	0.0	0.0	0.0	0.0	0.0	0.0	0.0	0.0	0.0	0.0	0.0	0.0	0.0	0.0	0.0	0.0	0.0	0.0	0.0	['k__Metazoa', 'p__Arthropoda', 'c__Insecta', 'o__Coleoptera', 'f__Coccinellidae', 'g__Adalia', 's__Adalia_decempunctata']
Halyzia_sedecimguttata	390.0	0.0	0.0	0.0	0.0	0.0	0.0	0.0	0.0	0.0	0.0	0.0	0.0	0.0	0.0	5784.0	0.0	0.0	0.0	0.0	0.0	0.0	0.0	0.0	0.0	0.0	0.0	0.0	0.0	0.0	0.0	0.0	182.0	0.0	0.0	0.0	0.0	0.0	0.0	['k__Metazoa', 'p__Arthropoda', 'c__Insecta', 'o__Coleoptera', 'f__Coccinellidae', 'g__Halyzia', 's__Halyzia_sedecimguttata']
Harmonia_axyridis	0.0	0.0	0.0	0.0	0.0	0.0	0.0	0.0	0.0	0.0	0.0	0.0	0.0	0.0	0.0	0.0	0.0	110.0	0.0	0.0	0.0	0.0	0.0	0.0	0.0	0.0	0.0	0.0	0.0	0.0	0.0	0.0	0.0	0.0	0.0	0.0	0.0	0.0	0.0	['k__Metazoa', 'p__Arthropoda', 'c__Insecta', 'o__Coleoptera', 'f__Coccinellidae', 'g__Harmonia', 's__Harmonia_axyridis']
Psyllobora_vigintiduopunctata	0.0	0.0	0.0	0.0	0.0	0.0	0.0	0.0	0.0	0.0	0.0	0.0	0.0	0.0	0.0	0.0	0.0	0.0	0.0	0.0	0.0	0.0	0.0	0.0	0.0	0.0	0.0	0.0	0.0	0.0	0.0	0.0	0.0	0.0	0.0	0.0	0.0	0.0	54.0	['k__Metazoa', 'p__Arthropoda', 'c__Insecta', 'o__Coleoptera', 'f__Coccinellidae', 'g__Psyllobora', 's__Psyllobora_vigintiduopunctata']
Cryptophagus_pubescens	0.0	0.0	0.0	0.0	0.0	0.0	0.0	0.0	0.0	0.0	0.0	0.0	0.0	0.0	0.0	0.0	0.0	0.0	0.0	0.0	0.0	410.0	0.0	0.0	0.0	0.0	0.0	0.0	0.0	0.0	0.0	0.0	0.0	0.0	0.0	0.0	0.0	0.0	0.0	['k__Metazoa', 'p__Arthropoda', 'c__Insecta', 'o__Coleoptera', 'f__Cryptophagidae', 'g__Cryptophagus', 's__Cryptophagus_pubescens']
Archarius_salicivorus	0.0	0.0	0.0	0.0	0.0	0.0	0.0	0.0	0.0	0.0	0.0	0.0	0.0	0.0	0.0	0.0	0.0	0.0	0.0	0.0	0.0	0.0	0.0	0.0	0.0	0.0	0.0	11.0	0.0	0.0	0.0	0.0	0.0	0.0	0.0	0.0	0.0	0.0	0.0	['k__Metazoa', 'p__Arthropoda', 'c__Insecta', 'o__Coleoptera', 'f__Curculionidae', 'g__Archarius', 's__Archarius_salicivorus']
Ceutorhynchus_pallidactylus	0.0	0.0	0.0	0.0	0.0	0.0	0.0	0.0	0.0	0.0	0.0	0.0	0.0	0.0	51.0	0.0	0.0	0.0	0.0	0.0	0.0	0.0	0.0	0.0	0.0	0.0	0.0	0.0	0.0	0.0	0.0	0.0	0.0	0.0	0.0	0.0	0.0	0.0	0.0	['k__Metazoa', 'p__Arthropoda', 'c__Insecta', 'o__Coleoptera', 'f__Curculionidae', 'g__Ceutorhynchus', 's__Ceutorhynchus_pallidactylus']
Curculio_glandium	0.0	0.0	0.0	0.0	349.0	0.0	0.0	0.0	0.0	0.0	0.0	0.0	0.0	0.0	0.0	0.0	0.0	0.0	0.0	0.0	0.0	0.0	0.0	0.0	0.0	0.0	0.0	0.0	0.0	0.0	0.0	0.0	0.0	0.0	0.0	0.0	0.0	0.0	0.0	['k__Metazoa', 'p__Arthropoda', 'c__Insecta', 'o__Coleoptera', 'f__Curculionidae', 'g__Curculio', 's__Curculio_glandium']
Otiorhynchus_coecus	0.0	0.0	0.0	0.0	0.0	0.0	0.0	0.0	0.0	0.0	0.0	0.0	0.0	0.0	0.0	0.0	0.0	0.0	0.0	0.0	0.0	0.0	0.0	0.0	0.0	0.0	0.0	0.0	0.0	0.0	0.0	0.0	5.0	0.0	0.0	0.0	0.0	0.0	0.0	['k__Metazoa', 'p__Arthropoda', 'c__Insecta', 'o__Coleoptera', 'f__Curculionidae', 'g__Otiorhynchus', 's__Otiorhynchus_coecus']
Otiorhynchus_singularis	0.0	0.0	0.0	0.0	0.0	0.0	0.0	0.0	0.0	0.0	0.0	0.0	0.0	0.0	2864.0	0.0	0.0	135.0	0.0	0.0	0.0	0.0	0.0	0.0	0.0	0.0	0.0	0.0	0.0	0.0	0.0	0.0	26039.0	1403.0	0.0	0.0	0.0	0.0	0.0	['k__Metazoa', 'p__Arthropoda', 'c__Insecta', 'o__Coleoptera', 'f__Curculionidae', 'g__Otiorhynchus', 's__Otiorhynchus_singularis']
Sitona_lineatus	0.0	0.0	0.0	0.0	0.0	0.0	0.0	0.0	0.0	0.0	232.0	38.0	0.0	0.0	0.0	0.0	0.0	0.0	0.0	0.0	0.0	0.0	0.0	0.0	0.0	0.0	0.0	0.0	0.0	0.0	0.0	0.0	0.0	0.0	0.0	0.0	0.0	0.0	0.0	['k__Metazoa', 'p__Arthropoda', 'c__Insecta', 'o__Coleoptera', 'f__Curculionidae', 'g__Sitona', 's__Sitona_lineatus']
Strophosoma_melanogrammum	0.0	0.0	0.0	0.0	0.0	0.0	0.0	0.0	0.0	0.0	0.0	0.0	0.0	0.0	0.0	0.0	0.0	0.0	0.0	0.0	0.0	0.0	0.0	0.0	0.0	0.0	0.0	0.0	0.0	0.0	0.0	0.0	0.0	0.0	0.0	0.0	0.0	0.0	8.0	['k__Metazoa', 'p__Arthropoda', 'c__Insecta', 'o__Coleoptera', 'f__Curculionidae', 'g__Strophosoma', 's__Strophosoma_melanogrammum']
Athous_haemorrhoidalis	0.0	0.0	0.0	0.0	0.0	0.0	0.0	0.0	0.0	0.0	0.0	0.0	0.0	0.0	0.0	0.0	0.0	0.0	0.0	0.0	0.0	0.0	0.0	0.0	0.0	3981.0	0.0	0.0	0.0	0.0	0.0	0.0	0.0	0.0	0.0	0.0	0.0	0.0	0.0	['k__Metazoa', 'p__Arthropoda', 'c__Insecta', 'o__Coleoptera', 'f__Elateridae', 'g__Athous', 's__Athous_haemorrhoidalis']
Stenagostus_rhombeus	0.0	0.0	0.0	0.0	0.0	0.0	0.0	0.0	0.0	0.0	0.0	0.0	549.0	0.0	0.0	0.0	0.0	0.0	0.0	0.0	0.0	0.0	0.0	0.0	0.0	0.0	0.0	0.0	0.0	0.0	0.0	0.0	0.0	0.0	0.0	0.0	0.0	0.0	0.0	['k__Metazoa', 'p__Arthropoda', 'c__Insecta', 'o__Coleoptera', 'f__Elateridae', 'g__Stenagostus', 's__Stenagostus_rhombeus']
Cortinicara_gibbosa	0.0	0.0	0.0	0.0	0.0	0.0	0.0	0.0	0.0	0.0	0.0	0.0	0.0	0.0	0.0	0.0	0.0	10.0	0.0	0.0	0.0	0.0	0.0	0.0	0.0	0.0	166.0	0.0	0.0	0.0	0.0	0.0	0.0	0.0	0.0	0.0	0.0	0.0	0.0	['k__Metazoa', 'p__Arthropoda', 'c__Insecta', 'o__Coleoptera', 'f__Latridiidae', 'g__Cortinicara', 's__Cortinicara_gibbosa']
Meligethes_flavimanus	0.0	0.0	0.0	0.0	0.0	0.0	0.0	0.0	0.0	0.0	0.0	0.0	0.0	0.0	0.0	0.0	0.0	0.0	0.0	0.0	0.0	1804.0	0.0	0.0	0.0	0.0	0.0	0.0	0.0	0.0	0.0	0.0	0.0	0.0	0.0	0.0	0.0	0.0	0.0	['k__Metazoa', 'p__Arthropoda', 'c__Insecta', 'o__Coleoptera', 'f__Nitidulidae', 'g__Meligethes', 's__Meligethes_flavimanus']
Salpingus_planirostris	0.0	0.0	0.0	0.0	0.0	0.0	0.0	0.0	0.0	0.0	0.0	0.0	0.0	0.0	491.0	0.0	0.0	0.0	0.0	0.0	0.0	0.0	0.0	0.0	0.0	0.0	0.0	0.0	0.0	0.0	0.0	0.0	0.0	0.0	0.0	0.0	0.0	0.0	0.0	['k__Metazoa', 'p__Arthropoda', 'c__Insecta', 'o__Coleoptera', 'f__Salpingidae', 'g__Salpingus', 's__Salpingus_planirostris']
Dilophus_femoratus	0.0	0.0	0.0	0.0	0.0	0.0	0.0	0.0	0.0	0.0	0.0	0.0	0.0	0.0	0.0	0.0	0.0	0.0	0.0	0.0	0.0	1227.0	0.0	0.0	0.0	0.0	0.0	0.0	0.0	0.0	0.0	0.0	0.0	0.0	0.0	0.0	0.0	0.0	0.0	['k__Metazoa', 'p__Arthropoda', 'c__Insecta', 'o__Diptera', 'f__Bibionidae', 'g__Dilophus', 's__Dilophus_femoratus']
Pollenia_pediculata	0.0	0.0	0.0	50.0	0.0	0.0	0.0	0.0	0.0	0.0	0.0	0.0	0.0	0.0	0.0	0.0	0.0	0.0	0.0	0.0	0.0	0.0	6999.0	0.0	0.0	0.0	0.0	0.0	0.0	0.0	0.0	0.0	0.0	0.0	0.0	0.0	0.0	0.0	0.0	['k__Metazoa', 'p__Arthropoda', 'c__Insecta', 'o__Diptera', 'f__Calliphoridae', 'g__Pollenia', 's__Pollenia_pediculata']
Cecidomyiidae_sp._BOLD-2016	0.0	0.0	2066.0	0.0	0.0	0.0	0.0	0.0	0.0	4.0	0.0	0.0	0.0	0.0	0.0	0.0	0.0	0.0	0.0	0.0	0.0	0.0	0.0	0.0	0.0	0.0	0.0	74.0	0.0	0.0	0.0	0.0	0.0	0.0	0.0	0.0	0.0	0.0	0.0	['k__Metazoa', 'p__Arthropoda', 'c__Insecta', 'o__Diptera', 'f__Cecidomyiidae', 'g__unknown', 's__Cecidomyiidae_sp._BOLD-2016']
Atrichopogon_oedemerarum	0.0	0.0	0.0	0.0	0.0	0.0	0.0	0.0	0.0	197.0	0.0	0.0	0.0	0.0	0.0	0.0	0.0	0.0	0.0	0.0	0.0	0.0	0.0	0.0	0.0	0.0	0.0	0.0	0.0	0.0	0.0	0.0	0.0	0.0	0.0	0.0	0.0	0.0	0.0	['k__Metazoa', 'p__Arthropoda', 'c__Insecta', 'o__Diptera', 'f__Ceratopogonidae', 'g__Atrichopogon', 's__Atrichopogon_oedemerarum']
Apiophora_quadricinctata	0.0	0.0	0.0	0.0	0.0	0.0	0.0	4.0	10.0	0.0	0.0	0.0	0.0	0.0	0.0	0.0	0.0	0.0	0.0	0.0	0.0	4.0	4.0	0.0	6.0	0.0	0.0	0.0	0.0	3.0	0.0	3.0	13.0	14.0	0.0	0.0	0.0	0.0	0.0	['k__Metazoa', 'p__Arthropoda', 'c__Insecta', 'o__Diptera', 'f__Mydidae', 'g__Apiophora', 's__Apiophora_quadricinctata']
Chalarus_brevicaudis	0.0	0.0	0.0	0.0	0.0	0.0	0.0	0.0	0.0	0.0	0.0	0.0	0.0	0.0	0.0	0.0	0.0	0.0	0.0	0.0	0.0	0.0	0.0	249.0	0.0	0.0	0.0	0.0	0.0	0.0	0.0	0.0	0.0	0.0	0.0	0.0	0.0	0.0	0.0	['k__Metazoa', 'p__Arthropoda', 'c__Insecta', 'o__Diptera', 'f__Pipunculidae', 'g__Chalarus', 's__Chalarus_brevicaudis']
Chalarus_indistinctus	0.0	0.0	0.0	0.0	0.0	0.0	0.0	0.0	0.0	0.0	0.0	0.0	0.0	0.0	0.0	17.0	0.0	0.0	0.0	0.0	0.0	0.0	0.0	0.0	0.0	0.0	0.0	0.0	0.0	0.0	0.0	0.0	0.0	0.0	0.0	0.0	0.0	0.0	0.0	['k__Metazoa', 'p__Arthropoda', 'c__Insecta', 'o__Diptera', 'f__Pipunculidae', 'g__Chalarus', 's__Chalarus_indistinctus']
Rhagio_lineola	0.0	0.0	0.0	0.0	0.0	0.0	0.0	0.0	0.0	0.0	0.0	0.0	0.0	3.0	0.0	683.0	0.0	0.0	0.0	0.0	0.0	0.0	0.0	0.0	0.0	0.0	0.0	0.0	0.0	0.0	0.0	0.0	0.0	0.0	0.0	0.0	0.0	0.0	0.0	['k__Metazoa', 'p__Arthropoda', 'c__Insecta', 'o__Diptera', 'f__Rhagionidae', 'g__Rhagio', 's__Rhagio_lineola']
Pherbellia_scutellaris	0.0	0.0	0.0	0.0	0.0	0.0	0.0	0.0	0.0	0.0	0.0	0.0	0.0	0.0	0.0	0.0	0.0	0.0	0.0	0.0	0.0	0.0	0.0	0.0	0.0	0.0	0.0	16686.0	0.0	0.0	0.0	0.0	0.0	0.0	0.0	0.0	0.0	0.0	0.0	['k__Metazoa', 'p__Arthropoda', 'c__Insecta', 'o__Diptera', 'f__Sciomyzidae', 'g__Pherbellia', 's__Pherbellia_scutellaris']
Cloeon_dipterum	20.0	0.0	0.0	0.0	0.0	0.0	0.0	0.0	0.0	0.0	0.0	0.0	0.0	0.0	0.0	0.0	0.0	602.0	0.0	0.0	0.0	451.0	0.0	0.0	0.0	0.0	0.0	0.0	0.0	0.0	0.0	0.0	0.0	0.0	0.0	0.0	0.0	0.0	0.0	['k__Metazoa', 'p__Arthropoda', 'c__Insecta', 'o__Ephemeroptera', 'f__Baetidae', 'g__Cloeon', 's__Cloeon_dipterum']
Elasmucha_grisea	0.0	0.0	0.0	0.0	0.0	0.0	0.0	0.0	0.0	0.0	0.0	0.0	0.0	0.0	0.0	0.0	0.0	0.0	0.0	0.0	0.0	0.0	0.0	0.0	0.0	0.0	0.0	137.0	0.0	96.0	5.0	0.0	0.0	0.0	0.0	0.0	0.0	0.0	0.0	['k__Metazoa', 'p__Arthropoda', 'c__Insecta', 'o__Hemiptera', 'f__Acanthosomatidae', 'g__Elasmucha', 's__Elasmucha_grisea']
Anthocoris_amplicollis	0.0	0.0	0.0	0.0	0.0	0.0	0.0	0.0	0.0	0.0	0.0	0.0	0.0	0.0	0.0	0.0	0.0	0.0	0.0	0.0	0.0	0.0	0.0	0.0	0.0	0.0	0.0	0.0	15.0	0.0	0.0	0.0	112.0	0.0	0.0	0.0	0.0	0.0	0.0	['k__Metazoa', 'p__Arthropoda', 'c__Insecta', 'o__Hemiptera', 'f__Anthocoridae', 'g__Anthocoris', 's__Anthocoris_amplicollis']
Anthocoris_confusus	0.0	0.0	0.0	0.0	0.0	0.0	0.0	0.0	0.0	0.0	0.0	0.0	0.0	0.0	210.0	0.0	0.0	0.0	0.0	0.0	0.0	0.0	0.0	0.0	0.0	0.0	0.0	0.0	0.0	0.0	0.0	0.0	0.0	0.0	0.0	0.0	0.0	0.0	0.0	['k__Metazoa', 'p__Arthropoda', 'c__Insecta', 'o__Hemiptera', 'f__Anthocoridae', 'g__Anthocoris', 's__Anthocoris_confusus']
Anthocoris_nemoralis	0.0	0.0	0.0	0.0	0.0	0.0	0.0	0.0	0.0	0.0	0.0	0.0	0.0	0.0	461.0	0.0	0.0	0.0	0.0	1117.0	0.0	0.0	0.0	0.0	0.0	0.0	3125.0	0.0	0.0	0.0	0.0	0.0	0.0	0.0	0.0	0.0	0.0	0.0	0.0	['k__Metazoa', 'p__Arthropoda', 'c__Insecta', 'o__Hemiptera', 'f__Anthocoridae', 'g__Anthocoris', 's__Anthocoris_nemoralis']
Anthocoris_nemorum	326.0	0.0	0.0	0.0	0.0	0.0	0.0	0.0	0.0	0.0	0.0	0.0	0.0	0.0	0.0	0.0	308.0	165.0	0.0	2853.0	0.0	618.0	555.0	589.0	1636.0	88.0	10005.0	115.0	0.0	0.0	0.0	0.0	0.0	0.0	0.0	0.0	0.0	0.0	0.0	['k__Metazoa', 'p__Arthropoda', 'c__Insecta', 'o__Hemiptera', 'f__Anthocoridae', 'g__Anthocoris', 's__Anthocoris_nemorum']
Euceraphis_betulae	0.0	0.0	0.0	0.0	0.0	0.0	0.0	0.0	0.0	0.0	15.0	0.0	0.0	0.0	0.0	0.0	0.0	0.0	0.0	0.0	0.0	0.0	0.0	0.0	0.0	0.0	0.0	0.0	0.0	0.0	0.0	0.0	0.0	0.0	0.0	0.0	0.0	0.0	0.0	['k__Metazoa', 'p__Arthropoda', 'c__Insecta', 'o__Hemiptera', 'f__Aphididae', 'g__Euceraphis', 's__Euceraphis_betulae']
Tuberculatus_annulatus	0.0	0.0	0.0	0.0	0.0	0.0	0.0	0.0	0.0	0.0	0.0	0.0	0.0	0.0	0.0	0.0	0.0	6.0	0.0	0.0	0.0	0.0	0.0	0.0	0.0	0.0	0.0	0.0	0.0	0.0	0.0	0.0	0.0	0.0	0.0	0.0	0.0	0.0	0.0	['k__Metazoa', 'p__Arthropoda', 'c__Insecta', 'o__Hemiptera', 'f__Aphididae', 'g__Tuberculatus', 's__Tuberculatus_annulatus']
Alebra_wahlbergi	0.0	0.0	0.0	0.0	0.0	0.0	0.0	0.0	0.0	0.0	0.0	0.0	0.0	0.0	0.0	0.0	77.0	0.0	0.0	0.0	0.0	0.0	3.0	0.0	0.0	0.0	0.0	0.0	0.0	0.0	0.0	0.0	0.0	0.0	0.0	6.0	0.0	0.0	0.0	['k__Metazoa', 'p__Arthropoda', 'c__Insecta', 'o__Hemiptera', 'f__Cicadellidae', 'g__Alebra', 's__Alebra_wahlbergi']
Alnetoidia_alneti	0.0	0.0	0.0	0.0	0.0	0.0	0.0	0.0	0.0	0.0	0.0	0.0	0.0	0.0	3.0	0.0	0.0	0.0	0.0	0.0	0.0	850.0	0.0	0.0	0.0	0.0	0.0	0.0	0.0	0.0	0.0	0.0	0.0	0.0	0.0	0.0	0.0	0.0	0.0	['k__Metazoa', 'p__Arthropoda', 'c__Insecta', 'o__Hemiptera', 'f__Cicadellidae', 'g__Alnetoidia', 's__Alnetoidia_alneti']
Empoasca_decipiens	0.0	0.0	0.0	0.0	0.0	0.0	0.0	0.0	0.0	0.0	0.0	0.0	0.0	0.0	0.0	0.0	0.0	0.0	47.0	0.0	0.0	0.0	0.0	1791.0	0.0	0.0	0.0	0.0	0.0	0.0	0.0	0.0	0.0	0.0	0.0	0.0	0.0	0.0	199.0	['k__Metazoa', 'p__Arthropoda', 'c__Insecta', 'o__Hemiptera', 'f__Cicadellidae', 'g__Empoasca', 's__Empoasca_decipiens']
Typhlocybinae_sp._BOLD:ABW2937	0.0	0.0	0.0	0.0	0.0	0.0	0.0	0.0	0.0	0.0	0.0	0.0	0.0	0.0	369.0	0.0	0.0	0.0	0.0	0.0	0.0	0.0	0.0	0.0	0.0	0.0	0.0	0.0	0.0	0.0	0.0	0.0	0.0	0.0	0.0	0.0	0.0	0.0	0.0	['k__Metazoa', 'p__Arthropoda', 'c__Insecta', 'o__Hemiptera', 'f__Cicadellidae', 'g__unknown', 's__Typhlocybinae_sp._BOLD:ABW2937']
Dicranotropis_hamata	0.0	0.0	0.0	0.0	0.0	0.0	0.0	0.0	0.0	0.0	0.0	0.0	0.0	0.0	0.0	0.0	0.0	0.0	0.0	0.0	0.0	0.0	0.0	0.0	0.0	0.0	0.0	0.0	0.0	0.0	0.0	0.0	0.0	0.0	1421.0	0.0	0.0	0.0	0.0	['k__Metazoa', 'p__Arthropoda', 'c__Insecta', 'o__Hemiptera', 'f__Delphacidae', 'g__Dicranotropis', 's__Dicranotropis_hamata']
Issus_coleoptratus	0.0	0.0	0.0	0.0	5268.0	0.0	0.0	0.0	0.0	0.0	0.0	0.0	0.0	0.0	0.0	0.0	0.0	0.0	0.0	0.0	0.0	0.0	0.0	0.0	0.0	0.0	0.0	0.0	0.0	0.0	0.0	0.0	0.0	0.0	0.0	0.0	0.0	0.0	0.0	['k__Metazoa', 'p__Arthropoda', 'c__Insecta', 'o__Hemiptera', 'f__Issidae', 'g__Issus', 's__Issus_coleoptratus']
Psyllopsis_fraxinicola	654.0	0.0	0.0	0.0	0.0	0.0	0.0	0.0	0.0	0.0	0.0	0.0	0.0	0.0	0.0	0.0	0.0	0.0	0.0	0.0	0.0	0.0	0.0	0.0	0.0	0.0	0.0	0.0	0.0	0.0	0.0	0.0	0.0	0.0	0.0	0.0	0.0	0.0	0.0	['k__Metazoa', 'p__Arthropoda', 'c__Insecta', 'o__Hemiptera', 'f__Liviidae', 'g__Psyllopsis', 's__Psyllopsis_fraxinicola']
Blepharidopterus_angulatus	0.0	68.0	0.0	0.0	0.0	0.0	0.0	0.0	0.0	0.0	0.0	0.0	0.0	0.0	0.0	14.0	0.0	0.0	0.0	0.0	0.0	0.0	0.0	0.0	0.0	25.0	0.0	0.0	12.0	0.0	0.0	0.0	0.0	0.0	14.0	0.0	0.0	0.0	0.0	['k__Metazoa', 'p__Arthropoda', 'c__Insecta', 'o__Hemiptera', 'f__Miridae', 'g__Blepharidopterus', 's__Blepharidopterus_angulatus']
Campyloneura_virgula	2877.0	0.0	0.0	0.0	0.0	0.0	0.0	0.0	0.0	0.0	0.0	0.0	0.0	0.0	0.0	0.0	250.0	0.0	0.0	1940.0	0.0	0.0	0.0	0.0	0.0	0.0	0.0	0.0	0.0	0.0	0.0	0.0	0.0	0.0	0.0	0.0	0.0	0.0	0.0	['k__Metazoa', 'p__Arthropoda', 'c__Insecta', 'o__Hemiptera', 'f__Miridae', 'g__Campyloneura', 's__Campyloneura_virgula']
Compsidolon_salicellum	0.0	0.0	0.0	0.0	0.0	0.0	0.0	0.0	0.0	0.0	0.0	0.0	0.0	0.0	0.0	0.0	1136.0	0.0	0.0	0.0	0.0	0.0	0.0	0.0	0.0	0.0	5587.0	0.0	4.0	0.0	0.0	0.0	0.0	0.0	0.0	0.0	0.0	0.0	0.0	['k__Metazoa', 'p__Arthropoda', 'c__Insecta', 'o__Hemiptera', 'f__Miridae', 'g__Compsidolon', 's__Compsidolon_salicellum']
Deraeocoris_lutescens	5.0	0.0	0.0	0.0	0.0	8.0	0.0	0.0	0.0	0.0	0.0	0.0	0.0	0.0	0.0	0.0	0.0	2020.0	0.0	0.0	0.0	0.0	0.0	84.0	0.0	0.0	8044.0	1757.0	0.0	0.0	0.0	0.0	0.0	0.0	0.0	14523.0	0.0	10.0	0.0	['k__Metazoa', 'p__Arthropoda', 'c__Insecta', 'o__Hemiptera', 'f__Miridae', 'g__Deraeocoris', 's__Deraeocoris_lutescens']
Lygocoris_pabulinus	0.0	0.0	0.0	0.0	0.0	0.0	0.0	0.0	0.0	0.0	0.0	0.0	0.0	0.0	0.0	0.0	0.0	0.0	0.0	0.0	0.0	0.0	0.0	18436.0	0.0	0.0	0.0	0.0	0.0	0.0	55.0	0.0	0.0	0.0	0.0	0.0	0.0	0.0	0.0	['k__Metazoa', 'p__Arthropoda', 'c__Insecta', 'o__Hemiptera', 'f__Miridae', 'g__Lygocoris', 's__Lygocoris_pabulinus']
Malacocoris_chlorizans	0.0	0.0	0.0	0.0	0.0	0.0	0.0	0.0	0.0	0.0	0.0	0.0	0.0	0.0	0.0	0.0	0.0	0.0	0.0	0.0	0.0	3837.0	0.0	0.0	0.0	0.0	125.0	0.0	0.0	0.0	0.0	0.0	0.0	0.0	0.0	0.0	0.0	0.0	0.0	['k__Metazoa', 'p__Arthropoda', 'c__Insecta', 'o__Hemiptera', 'f__Miridae', 'g__Malacocoris', 's__Malacocoris_chlorizans']
Mecomma_ambulans	0.0	0.0	0.0	0.0	0.0	0.0	0.0	0.0	0.0	0.0	0.0	0.0	0.0	0.0	0.0	0.0	1750.0	0.0	0.0	0.0	0.0	0.0	0.0	0.0	0.0	0.0	0.0	0.0	3.0	0.0	0.0	0.0	0.0	0.0	0.0	0.0	0.0	0.0	0.0	['k__Metazoa', 'p__Arthropoda', 'c__Insecta', 'o__Hemiptera', 'f__Miridae', 'g__Mecomma', 's__Mecomma_ambulans']
Neolygus_contaminatus	0.0	0.0	0.0	0.0	0.0	0.0	0.0	0.0	0.0	0.0	0.0	0.0	0.0	0.0	0.0	0.0	0.0	0.0	0.0	0.0	0.0	0.0	0.0	0.0	0.0	134.0	0.0	0.0	0.0	0.0	0.0	0.0	0.0	0.0	0.0	0.0	0.0	0.0	0.0	['k__Metazoa', 'p__Arthropoda', 'c__Insecta', 'o__Hemiptera', 'f__Miridae', 'g__Neolygus', 's__Neolygus_contaminatus']
Orthops_basalis	0.0	0.0	0.0	0.0	0.0	0.0	0.0	0.0	0.0	0.0	0.0	0.0	0.0	0.0	0.0	0.0	0.0	0.0	0.0	0.0	0.0	0.0	0.0	0.0	0.0	0.0	0.0	0.0	0.0	0.0	0.0	0.0	0.0	4.0	0.0	0.0	0.0	0.0	0.0	['k__Metazoa', 'p__Arthropoda', 'c__Insecta', 'o__Hemiptera', 'f__Miridae', 'g__Orthops', 's__Orthops_basalis']
Pantilius_tunicatus	0.0	0.0	0.0	0.0	0.0	0.0	0.0	0.0	0.0	0.0	0.0	0.0	0.0	0.0	0.0	0.0	0.0	0.0	0.0	0.0	0.0	0.0	0.0	0.0	0.0	0.0	0.0	0.0	0.0	0.0	0.0	0.0	0.0	8.0	0.0	0.0	0.0	0.0	0.0	['k__Metazoa', 'p__Arthropoda', 'c__Insecta', 'o__Hemiptera', 'f__Miridae', 'g__Pantilius', 's__Pantilius_tunicatus']
Phytocoris_dimidiatus	0.0	0.0	0.0	0.0	4.0	0.0	26.0	0.0	0.0	0.0	0.0	0.0	0.0	0.0	0.0	0.0	0.0	0.0	0.0	0.0	0.0	0.0	0.0	0.0	0.0	0.0	0.0	0.0	0.0	0.0	0.0	0.0	0.0	0.0	0.0	0.0	0.0	0.0	0.0	['k__Metazoa', 'p__Arthropoda', 'c__Insecta', 'o__Hemiptera', 'f__Miridae', 'g__Phytocoris', 's__Phytocoris_dimidiatus']
Phytocoris_longipennis	0.0	0.0	0.0	0.0	0.0	0.0	0.0	0.0	7.0	0.0	0.0	0.0	0.0	0.0	0.0	0.0	0.0	0.0	0.0	0.0	0.0	0.0	0.0	114.0	0.0	0.0	0.0	0.0	0.0	0.0	0.0	0.0	0.0	8.0	0.0	15.0	0.0	0.0	0.0	['k__Metazoa', 'p__Arthropoda', 'c__Insecta', 'o__Hemiptera', 'f__Miridae', 'g__Phytocoris', 's__Phytocoris_longipennis']
Psallus_haematodes	0.0	0.0	0.0	0.0	0.0	0.0	0.0	0.0	0.0	0.0	0.0	0.0	0.0	0.0	0.0	0.0	0.0	0.0	0.0	0.0	0.0	454.0	0.0	0.0	0.0	0.0	0.0	0.0	0.0	0.0	0.0	0.0	0.0	0.0	0.0	0.0	0.0	0.0	0.0	['k__Metazoa', 'p__Arthropoda', 'c__Insecta', 'o__Hemiptera', 'f__Miridae', 'g__Psallus', 's__Psallus_haematodes']
Pseudoloxops_coccineus	1909.0	0.0	0.0	0.0	0.0	0.0	0.0	0.0	0.0	0.0	0.0	0.0	0.0	0.0	0.0	0.0	0.0	0.0	0.0	0.0	0.0	0.0	0.0	0.0	0.0	0.0	0.0	0.0	0.0	0.0	0.0	0.0	0.0	0.0	0.0	0.0	0.0	0.0	0.0	['k__Metazoa', 'p__Arthropoda', 'c__Insecta', 'o__Hemiptera', 'f__Miridae', 'g__Pseudoloxops', 's__Pseudoloxops_coccineus']
Stenodema_holsata	0.0	0.0	0.0	0.0	56.0	0.0	0.0	0.0	0.0	0.0	0.0	0.0	0.0	0.0	0.0	0.0	0.0	0.0	9557.0	0.0	0.0	0.0	0.0	0.0	0.0	0.0	0.0	0.0	0.0	0.0	0.0	0.0	0.0	0.0	0.0	0.0	0.0	0.0	0.0	['k__Metazoa', 'p__Arthropoda', 'c__Insecta', 'o__Hemiptera', 'f__Miridae', 'g__Stenodema', 's__Stenodema_holsata']
Himacerus_apterus	0.0	0.0	0.0	0.0	0.0	0.0	0.0	0.0	0.0	0.0	0.0	0.0	0.0	1370.0	0.0	0.0	0.0	0.0	0.0	0.0	0.0	0.0	0.0	0.0	0.0	0.0	0.0	0.0	0.0	277.0	0.0	64.0	0.0	0.0	0.0	0.0	0.0	0.0	0.0	['k__Metazoa', 'p__Arthropoda', 'c__Insecta', 'o__Hemiptera', 'f__Nabidae', 'g__Himacerus', 's__Himacerus_apterus']
Palomena_prasina	23.0	0.0	0.0	0.0	0.0	0.0	0.0	0.0	0.0	0.0	0.0	6764.0	0.0	0.0	0.0	14311.0	0.0	0.0	0.0	0.0	0.0	0.0	0.0	0.0	0.0	3.0	0.0	0.0	0.0	0.0	0.0	0.0	0.0	27971.0	54.0	0.0	0.0	0.0	0.0	['k__Metazoa', 'p__Arthropoda', 'c__Insecta', 'o__Hemiptera', 'f__Pentatomidae', 'g__Palomena', 's__Palomena_prasina']
Pentatoma_rufipes	0.0	0.0	53.0	0.0	0.0	0.0	0.0	0.0	0.0	286.0	0.0	864.0	436.0	3.0	0.0	0.0	0.0	53.0	0.0	0.0	0.0	0.0	428.0	9.0	0.0	0.0	0.0	1177.0	271.0	0.0	710.0	0.0	0.0	0.0	49.0	629.0	0.0	47.0	0.0	['k__Metazoa', 'p__Arthropoda', 'c__Insecta', 'o__Hemiptera', 'f__Pentatomidae', 'g__Pentatoma', 's__Pentatoma_rufipes']
Troilus_luridus	0.0	0.0	0.0	0.0	0.0	0.0	0.0	0.0	0.0	0.0	0.0	0.0	0.0	0.0	0.0	0.0	0.0	0.0	0.0	0.0	0.0	0.0	0.0	0.0	0.0	0.0	0.0	56.0	0.0	0.0	0.0	0.0	0.0	0.0	0.0	0.0	0.0	0.0	0.0	['k__Metazoa', 'p__Arthropoda', 'c__Insecta', 'o__Hemiptera', 'f__Pentatomidae', 'g__Troilus', 's__Troilus_luridus']
Rhynocoris_kumarii	0.0	0.0	0.0	0.0	0.0	0.0	0.0	0.0	0.0	0.0	0.0	0.0	0.0	0.0	0.0	0.0	0.0	0.0	0.0	0.0	0.0	0.0	0.0	0.0	0.0	0.0	0.0	0.0	0.0	0.0	0.0	0.0	4.0	0.0	0.0	0.0	0.0	0.0	0.0	['k__Metazoa', 'p__Arthropoda', 'c__Insecta', 'o__Hemiptera', 'f__Reduviidae', 'g__Rhynocoris', 's__Rhynocoris_kumarii']
Colastes_sp._BOLD:AAG1238	0.0	0.0	0.0	0.0	0.0	0.0	0.0	0.0	0.0	0.0	0.0	0.0	0.0	0.0	0.0	0.0	3.0	0.0	0.0	0.0	0.0	0.0	0.0	0.0	0.0	0.0	0.0	0.0	0.0	0.0	0.0	0.0	0.0	0.0	0.0	0.0	0.0	0.0	0.0	['k__Metazoa', 'p__Arthropoda', 'c__Insecta', 'o__Hymenoptera', 'f__Braconidae', 'g__Colastes', 's__Colastes_sp._BOLD:AAG1238']
Homolobus_sp._BOLD:AAI1876	0.0	0.0	5.0	0.0	0.0	0.0	0.0	0.0	0.0	0.0	0.0	0.0	0.0	0.0	0.0	0.0	0.0	0.0	0.0	0.0	0.0	0.0	0.0	0.0	0.0	0.0	0.0	0.0	0.0	0.0	0.0	0.0	0.0	0.0	0.0	0.0	0.0	0.0	0.0	['k__Metazoa', 'p__Arthropoda', 'c__Insecta', 'o__Hymenoptera', 'f__Braconidae', 'g__Homolobus', 's__Homolobus_sp._BOLD:AAI1876']
Macrocentrus_sp._BOLD:AAI1657	0.0	0.0	0.0	0.0	0.0	0.0	0.0	0.0	0.0	0.0	0.0	0.0	0.0	0.0	0.0	0.0	0.0	0.0	0.0	0.0	0.0	0.0	0.0	0.0	0.0	0.0	0.0	0.0	0.0	0.0	5.0	0.0	0.0	0.0	0.0	0.0	0.0	0.0	0.0	['k__Metazoa', 'p__Arthropoda', 'c__Insecta', 'o__Hymenoptera', 'f__Braconidae', 'g__Macrocentrus', 's__Macrocentrus_sp._BOLD:AAI1657']
Syntretus_falcifer	0.0	0.0	0.0	0.0	0.0	0.0	0.0	0.0	0.0	9.0	0.0	0.0	0.0	0.0	0.0	0.0	0.0	0.0	0.0	0.0	0.0	0.0	0.0	0.0	0.0	0.0	0.0	0.0	0.0	0.0	0.0	0.0	0.0	0.0	0.0	0.0	0.0	0.0	0.0	['k__Metazoa', 'p__Arthropoda', 'c__Insecta', 'o__Hymenoptera', 'f__Braconidae', 'g__Syntretus', 's__Syntretus_falcifer']
Synergus_sp._1_ZA-2007	0.0	0.0	0.0	0.0	11.0	0.0	0.0	0.0	0.0	0.0	0.0	0.0	0.0	0.0	0.0	0.0	0.0	0.0	0.0	0.0	0.0	0.0	0.0	0.0	0.0	0.0	0.0	0.0	0.0	0.0	0.0	0.0	0.0	0.0	0.0	0.0	0.0	0.0	0.0	['k__Metazoa', 'p__Arthropoda', 'c__Insecta', 'o__Hymenoptera', 'f__Cynipidae', 'g__Synergus', 's__Synergus_sp._1_ZA-2007']
Synergus_sp._2_ZA-2007	0.0	0.0	0.0	0.0	0.0	0.0	0.0	0.0	0.0	0.0	0.0	0.0	0.0	0.0	0.0	0.0	0.0	0.0	0.0	0.0	0.0	0.0	0.0	0.0	6.0	0.0	0.0	0.0	0.0	0.0	0.0	0.0	0.0	0.0	0.0	0.0	0.0	0.0	0.0	['k__Metazoa', 'p__Arthropoda', 'c__Insecta', 'o__Hymenoptera', 'f__Cynipidae', 'g__Synergus', 's__Synergus_sp._2_ZA-2007']
Synergus_sp._MOTU_1	0.0	0.0	0.0	0.0	0.0	0.0	0.0	0.0	0.0	0.0	0.0	0.0	0.0	0.0	0.0	0.0	0.0	0.0	0.0	0.0	0.0	0.0	0.0	0.0	0.0	0.0	0.0	0.0	0.0	0.0	0.0	4.0	0.0	0.0	0.0	106.0	0.0	0.0	0.0	['k__Metazoa', 'p__Arthropoda', 'c__Insecta', 'o__Hymenoptera', 'f__Cynipidae', 'g__Synergus', 's__Synergus_sp._MOTU_1']
Synergus_sp._MOTU_4	4.0	0.0	0.0	0.0	0.0	0.0	0.0	0.0	0.0	0.0	0.0	0.0	0.0	0.0	0.0	0.0	0.0	0.0	0.0	0.0	0.0	0.0	0.0	0.0	0.0	0.0	0.0	0.0	0.0	0.0	0.0	0.0	0.0	0.0	0.0	0.0	0.0	0.0	0.0	['k__Metazoa', 'p__Arthropoda', 'c__Insecta', 'o__Hymenoptera', 'f__Cynipidae', 'g__Synergus', 's__Synergus_sp._MOTU_4']
Eurytoma_longavena	0.0	0.0	0.0	0.0	0.0	0.0	0.0	0.0	0.0	0.0	0.0	0.0	0.0	0.0	0.0	0.0	0.0	0.0	0.0	0.0	0.0	0.0	0.0	0.0	0.0	0.0	0.0	0.0	0.0	0.0	0.0	0.0	0.0	0.0	0.0	8.0	0.0	0.0	0.0	['k__Metazoa', 'p__Arthropoda', 'c__Insecta', 'o__Hymenoptera', 'f__Eurytomidae', 'g__Eurytoma', 's__Eurytoma_longavena']
Caliroa_cothurnata	0.0	0.0	0.0	0.0	0.0	0.0	0.0	0.0	0.0	0.0	0.0	0.0	0.0	0.0	0.0	0.0	0.0	0.0	0.0	0.0	0.0	0.0	0.0	0.0	0.0	0.0	0.0	0.0	0.0	0.0	0.0	0.0	0.0	0.0	0.0	0.0	0.0	0.0	60.0	['k__Metazoa', 'p__Arthropoda', 'c__Insecta', 'o__Hymenoptera', 'f__Tenthredinidae', 'g__Caliroa', 's__Caliroa_cothurnata']
Hemichroa_australis	0.0	0.0	0.0	0.0	0.0	0.0	0.0	0.0	0.0	0.0	0.0	0.0	0.0	0.0	0.0	0.0	0.0	0.0	0.0	0.0	0.0	0.0	0.0	0.0	0.0	0.0	0.0	0.0	0.0	0.0	0.0	0.0	0.0	0.0	150.0	0.0	0.0	0.0	0.0	['k__Metazoa', 'p__Arthropoda', 'c__Insecta', 'o__Hymenoptera', 'f__Tenthredinidae', 'g__Hemichroa', 's__Hemichroa_australis']
Rhogogaster_punctulata	0.0	0.0	0.0	0.0	0.0	0.0	0.0	32.0	0.0	0.0	0.0	0.0	0.0	0.0	0.0	0.0	110.0	0.0	0.0	0.0	0.0	165.0	0.0	348.0	0.0	0.0	1248.0	0.0	0.0	0.0	3.0	0.0	0.0	0.0	0.0	0.0	0.0	0.0	0.0	['k__Metazoa', 'p__Arthropoda', 'c__Insecta', 'o__Hymenoptera', 'f__Tenthredinidae', 'g__Rhogogaster', 's__Rhogogaster_punctulata']
Tenthredo_livida	0.0	0.0	0.0	0.0	124.0	0.0	0.0	168.0	0.0	0.0	0.0	0.0	0.0	0.0	0.0	0.0	0.0	242.0	21079.0	0.0	0.0	17846.0	0.0	14778.0	0.0	0.0	16453.0	0.0	0.0	0.0	35.0	0.0	0.0	0.0	0.0	0.0	0.0	0.0	0.0	['k__Metazoa', 'p__Arthropoda', 'c__Insecta', 'o__Hymenoptera', 'f__Tenthredinidae', 'g__Tenthredo', 's__Tenthredo_livida']
Bucculatrix_demaryella	0.0	0.0	0.0	0.0	0.0	0.0	0.0	20.0	0.0	0.0	0.0	0.0	0.0	0.0	0.0	0.0	0.0	0.0	0.0	0.0	0.0	0.0	0.0	0.0	0.0	0.0	0.0	0.0	0.0	0.0	0.0	0.0	0.0	0.0	0.0	0.0	0.0	0.0	0.0	['k__Metazoa', 'p__Arthropoda', 'c__Insecta', 'o__Lepidoptera', 'f__Bucculatricidae', 'g__Bucculatrix', 's__Bucculatrix_demaryella']
Atolmis_rubricollis	0.0	0.0	0.0	0.0	0.0	0.0	0.0	0.0	0.0	0.0	0.0	0.0	0.0	0.0	0.0	0.0	0.0	0.0	0.0	0.0	0.0	0.0	0.0	0.0	0.0	0.0	0.0	0.0	0.0	4.0	0.0	0.0	0.0	0.0	0.0	0.0	0.0	158.0	0.0	['k__Metazoa', 'p__Arthropoda', 'c__Insecta', 'o__Lepidoptera', 'f__Erebidae', 'g__Atolmis', 's__Atolmis_rubricollis']
Eilema_depressum	0.0	0.0	0.0	0.0	0.0	0.0	0.0	0.0	380.0	0.0	0.0	0.0	0.0	0.0	0.0	0.0	0.0	0.0	0.0	0.0	0.0	0.0	0.0	0.0	0.0	0.0	0.0	0.0	0.0	0.0	0.0	0.0	0.0	0.0	0.0	0.0	0.0	0.0	0.0	['k__Metazoa', 'p__Arthropoda', 'c__Insecta', 'o__Lepidoptera', 'f__Erebidae', 'g__Eilema', 's__Eilema_depressum']
Eilema_sororculum	0.0	3046.0	0.0	0.0	0.0	0.0	0.0	0.0	0.0	0.0	0.0	0.0	0.0	0.0	0.0	0.0	0.0	0.0	0.0	0.0	0.0	0.0	0.0	0.0	0.0	0.0	0.0	0.0	0.0	0.0	0.0	0.0	0.0	0.0	0.0	0.0	0.0	0.0	0.0	['k__Metazoa', 'p__Arthropoda', 'c__Insecta', 'o__Lepidoptera', 'f__Erebidae', 'g__Eilema', 's__Eilema_sororculum']
Alcis_repandata	0.0	0.0	0.0	0.0	63.0	0.0	0.0	0.0	0.0	0.0	0.0	0.0	0.0	0.0	0.0	317.0	0.0	29.0	0.0	0.0	0.0	0.0	0.0	0.0	0.0	0.0	0.0	533.0	0.0	0.0	0.0	0.0	4395.0	0.0	0.0	0.0	0.0	0.0	0.0	['k__Metazoa', 'p__Arthropoda', 'c__Insecta', 'o__Lepidoptera', 'f__Geometridae', 'g__Alcis', 's__Alcis_repandata']
Asthena_albulata	0.0	0.0	0.0	0.0	0.0	0.0	0.0	0.0	0.0	0.0	0.0	169.0	0.0	0.0	0.0	0.0	0.0	0.0	0.0	0.0	0.0	0.0	0.0	0.0	0.0	0.0	0.0	0.0	0.0	0.0	0.0	0.0	0.0	0.0	0.0	0.0	0.0	0.0	0.0	['k__Metazoa', 'p__Arthropoda', 'c__Insecta', 'o__Lepidoptera', 'f__Geometridae', 'g__Asthena', 's__Asthena_albulata']
Biston_betularia	0.0	351.0	0.0	0.0	134.0	0.0	4.0	412.0	0.0	0.0	0.0	0.0	0.0	0.0	0.0	0.0	0.0	0.0	0.0	0.0	0.0	0.0	0.0	0.0	0.0	0.0	0.0	0.0	0.0	0.0	76.0	492.0	0.0	0.0	61.0	0.0	0.0	0.0	0.0	['k__Metazoa', 'p__Arthropoda', 'c__Insecta', 'o__Lepidoptera', 'f__Geometridae', 'g__Biston', 's__Biston_betularia']
Cabera_pusaria	0.0	0.0	903.0	3713.0	0.0	13.0	0.0	292.0	0.0	0.0	2124.0	234.0	0.0	0.0	0.0	9.0	0.0	0.0	0.0	0.0	0.0	428.0	0.0	0.0	0.0	0.0	0.0	0.0	0.0	0.0	90.0	0.0	0.0	0.0	0.0	0.0	0.0	0.0	0.0	['k__Metazoa', 'p__Arthropoda', 'c__Insecta', 'o__Lepidoptera', 'f__Geometridae', 'g__Cabera', 's__Cabera_pusaria']
Campaea_margaritaria	0.0	91.0	107.0	1336.0	42.0	0.0	0.0	0.0	0.0	0.0	0.0	41.0	0.0	0.0	0.0	0.0	0.0	21.0	0.0	0.0	0.0	0.0	0.0	0.0	0.0	0.0	0.0	0.0	0.0	0.0	0.0	0.0	0.0	0.0	0.0	0.0	0.0	0.0	0.0	['k__Metazoa', 'p__Arthropoda', 'c__Insecta', 'o__Lepidoptera', 'f__Geometridae', 'g__Campaea', 's__Campaea_margaritaria']
Ectropis_crepuscularia	0.0	0.0	0.0	14.0	25.0	504.0	0.0	0.0	0.0	0.0	0.0	800.0	0.0	0.0	0.0	0.0	0.0	0.0	3969.0	0.0	0.0	0.0	1678.0	840.0	0.0	0.0	0.0	0.0	730.0	0.0	311.0	0.0	0.0	0.0	0.0	0.0	0.0	0.0	0.0	['k__Metazoa', 'p__Arthropoda', 'c__Insecta', 'o__Lepidoptera', 'f__Geometridae', 'g__Ectropis', 's__Ectropis_crepuscularia']
Hemithea_aestivaria	0.0	0.0	0.0	0.0	0.0	0.0	0.0	0.0	4.0	0.0	0.0	0.0	0.0	0.0	0.0	0.0	0.0	0.0	0.0	0.0	0.0	0.0	0.0	0.0	0.0	0.0	0.0	0.0	0.0	0.0	0.0	0.0	0.0	0.0	0.0	0.0	0.0	0.0	0.0	['k__Metazoa', 'p__Arthropoda', 'c__Insecta', 'o__Lepidoptera', 'f__Geometridae', 'g__Hemithea', 's__Hemithea_aestivaria']
Hypomecis_punctinalis	0.0	0.0	0.0	0.0	0.0	0.0	10.0	0.0	0.0	0.0	0.0	0.0	0.0	0.0	0.0	0.0	0.0	0.0	0.0	0.0	0.0	0.0	0.0	0.0	0.0	0.0	0.0	0.0	0.0	0.0	0.0	2893.0	0.0	0.0	0.0	0.0	0.0	0.0	59475.0	['k__Metazoa', 'p__Arthropoda', 'c__Insecta', 'o__Lepidoptera', 'f__Geometridae', 'g__Hypomecis', 's__Hypomecis_punctinalis']
Odontopera_bidentata	0.0	112.0	0.0	0.0	145.0	0.0	0.0	0.0	0.0	0.0	0.0	209.0	0.0	0.0	0.0	0.0	0.0	0.0	0.0	0.0	0.0	0.0	0.0	0.0	0.0	0.0	0.0	0.0	0.0	0.0	0.0	0.0	0.0	0.0	0.0	0.0	0.0	0.0	0.0	['k__Metazoa', 'p__Arthropoda', 'c__Insecta', 'o__Lepidoptera', 'f__Geometridae', 'g__Odontopera', 's__Odontopera_bidentata']
Parectropis_similaria	0.0	0.0	0.0	0.0	100.0	0.0	0.0	0.0	323.0	0.0	0.0	655.0	0.0	0.0	0.0	0.0	0.0	0.0	0.0	0.0	0.0	0.0	0.0	0.0	0.0	0.0	0.0	0.0	0.0	208.0	0.0	0.0	0.0	0.0	0.0	0.0	0.0	0.0	0.0	['k__Metazoa', 'p__Arthropoda', 'c__Insecta', 'o__Lepidoptera', 'f__Geometridae', 'g__Parectropis', 's__Parectropis_similaria']
Plagodis_dolabraria	0.0	0.0	0.0	3500.0	801.0	0.0	0.0	0.0	9752.0	0.0	0.0	0.0	0.0	0.0	0.0	0.0	0.0	0.0	0.0	0.0	0.0	0.0	0.0	0.0	0.0	0.0	57.0	0.0	0.0	0.0	0.0	0.0	0.0	0.0	0.0	0.0	0.0	0.0	0.0	['k__Metazoa', 'p__Arthropoda', 'c__Insecta', 'o__Lepidoptera', 'f__Geometridae', 'g__Plagodis', 's__Plagodis_dolabraria']
Calliteara_pudibunda	0.0	0.0	0.0	0.0	0.0	0.0	12.0	0.0	0.0	0.0	0.0	0.0	0.0	0.0	50961.0	0.0	0.0	0.0	0.0	0.0	0.0	0.0	0.0	0.0	0.0	0.0	0.0	0.0	0.0	0.0	0.0	2836.0	0.0	0.0	0.0	0.0	0.0	0.0	0.0	['k__Metazoa', 'p__Arthropoda', 'c__Insecta', 'o__Lepidoptera', 'f__Lymantriidae', 'g__Calliteara', 's__Calliteara_pudibunda']
Euproctis_similis	0.0	0.0	0.0	0.0	0.0	0.0	0.0	0.0	0.0	0.0	0.0	0.0	0.0	0.0	0.0	1549.0	0.0	0.0	0.0	0.0	0.0	0.0	0.0	0.0	0.0	0.0	0.0	940.0	0.0	57.0	0.0	0.0	0.0	0.0	0.0	0.0	0.0	0.0	0.0	['k__Metazoa', 'p__Arthropoda', 'c__Insecta', 'o__Lepidoptera', 'f__Lymantriidae', 'g__Euproctis', 's__Euproctis_similis']
Orgyia_antiqua	0.0	0.0	0.0	0.0	0.0	612.0	0.0	0.0	0.0	0.0	0.0	0.0	0.0	0.0	0.0	0.0	0.0	0.0	0.0	0.0	0.0	0.0	0.0	0.0	0.0	0.0	0.0	0.0	0.0	0.0	0.0	0.0	0.0	0.0	0.0	0.0	0.0	0.0	0.0	['k__Metazoa', 'p__Arthropoda', 'c__Insecta', 'o__Lepidoptera', 'f__Lymantriidae', 'g__Orgyia', 's__Orgyia_antiqua']
Stigmella_microtheriella	0.0	0.0	0.0	0.0	0.0	0.0	0.0	0.0	0.0	0.0	0.0	0.0	0.0	0.0	0.0	0.0	0.0	0.0	0.0	0.0	0.0	9.0	0.0	0.0	0.0	0.0	0.0	0.0	0.0	0.0	0.0	0.0	0.0	0.0	0.0	0.0	0.0	0.0	0.0	['k__Metazoa', 'p__Arthropoda', 'c__Insecta', 'o__Lepidoptera', 'f__Nepticulidae', 'g__Stigmella', 's__Stigmella_microtheriella']
Acronicta_alni	0.0	0.0	0.0	0.0	0.0	0.0	33330.0	0.0	0.0	0.0	0.0	0.0	0.0	0.0	0.0	0.0	0.0	0.0	0.0	0.0	0.0	0.0	0.0	0.0	0.0	0.0	0.0	0.0	0.0	0.0	0.0	32.0	0.0	0.0	0.0	0.0	0.0	0.0	0.0	['k__Metazoa', 'p__Arthropoda', 'c__Insecta', 'o__Lepidoptera', 'f__Noctuidae', 'g__Acronicta', 's__Acronicta_alni']
Acronicta_psi	0.0	0.0	0.0	259.0	0.0	0.0	0.0	14.0	0.0	0.0	0.0	0.0	0.0	0.0	0.0	0.0	0.0	0.0	0.0	0.0	0.0	0.0	0.0	0.0	0.0	0.0	0.0	0.0	0.0	0.0	0.0	0.0	0.0	0.0	0.0	0.0	0.0	0.0	0.0	['k__Metazoa', 'p__Arthropoda', 'c__Insecta', 'o__Lepidoptera', 'f__Noctuidae', 'g__Acronicta', 's__Acronicta_psi']
Craniophora_ligustri	0.0	0.0	0.0	0.0	3.0	103601.0	0.0	0.0	0.0	0.0	9.0	0.0	0.0	5.0	0.0	0.0	0.0	0.0	0.0	0.0	0.0	0.0	0.0	0.0	0.0	0.0	0.0	4.0	0.0	0.0	0.0	0.0	0.0	0.0	0.0	11.0	0.0	0.0	0.0	['k__Metazoa', 'p__Arthropoda', 'c__Insecta', 'o__Lepidoptera', 'f__Noctuidae', 'g__Craniophora', 's__Craniophora_ligustri']
Euplexia_lucipara	0.0	0.0	599.0	0.0	0.0	0.0	0.0	0.0	0.0	0.0	0.0	0.0	0.0	0.0	0.0	0.0	0.0	0.0	0.0	0.0	0.0	0.0	0.0	0.0	0.0	0.0	0.0	0.0	0.0	0.0	0.0	0.0	0.0	0.0	0.0	0.0	0.0	0.0	0.0	['k__Metazoa', 'p__Arthropoda', 'c__Insecta', 'o__Lepidoptera', 'f__Noctuidae', 'g__Euplexia', 's__Euplexia_lucipara']
Pseudoips_prasinanus	0.0	0.0	0.0	7.0	246.0	0.0	0.0	0.0	0.0	0.0	0.0	0.0	0.0	0.0	0.0	0.0	0.0	0.0	0.0	0.0	0.0	0.0	597.0	0.0	0.0	0.0	0.0	698.0	0.0	0.0	0.0	0.0	0.0	0.0	0.0	0.0	0.0	0.0	0.0	['k__Metazoa', 'p__Arthropoda', 'c__Insecta', 'o__Lepidoptera', 'f__Nolidae', 'g__Pseudoips', 's__Pseudoips_prasinanus']
Phalera_bucephala	4.0	0.0	0.0	0.0	70150.0	3.0	0.0	23269.0	73.0	0.0	0.0	0.0	0.0	0.0	0.0	0.0	0.0	0.0	4.0	0.0	0.0	4.0	0.0	0.0	0.0	0.0	0.0	0.0	0.0	0.0	0.0	0.0	0.0	0.0	0.0	0.0	0.0	0.0	3.0	['k__Metazoa', 'p__Arthropoda', 'c__Insecta', 'o__Lepidoptera', 'f__Notodontidae', 'g__Phalera', 's__Phalera_bucephala']
Ptilodon_capucinus	0.0	0.0	0.0	0.0	0.0	0.0	0.0	319.0	0.0	0.0	0.0	0.0	0.0	0.0	0.0	0.0	0.0	0.0	0.0	0.0	0.0	0.0	0.0	0.0	0.0	0.0	0.0	0.0	0.0	0.0	0.0	0.0	0.0	0.0	0.0	0.0	0.0	0.0	0.0	['k__Metazoa', 'p__Arthropoda', 'c__Insecta', 'o__Lepidoptera', 'f__Notodontidae', 'g__Ptilodon', 's__Ptilodon_capucinus']
Carcina_quercana	0.0	0.0	0.0	0.0	0.0	0.0	0.0	0.0	0.0	0.0	0.0	0.0	0.0	0.0	0.0	0.0	0.0	0.0	0.0	0.0	0.0	0.0	0.0	0.0	0.0	0.0	0.0	0.0	0.0	0.0	0.0	0.0	0.0	1104.0	0.0	0.0	0.0	0.0	0.0	['k__Metazoa', 'p__Arthropoda', 'c__Insecta', 'o__Lepidoptera', 'f__Oecophoridae', 'g__Carcina', 's__Carcina_quercana']
Diurnea_fagella	0.0	2204.0	0.0	0.0	0.0	0.0	0.0	0.0	0.0	0.0	0.0	0.0	0.0	0.0	0.0	0.0	0.0	0.0	0.0	0.0	0.0	0.0	0.0	0.0	0.0	0.0	0.0	0.0	0.0	612.0	396.0	647.0	0.0	373.0	0.0	0.0	0.0	0.0	0.0	['k__Metazoa', 'p__Arthropoda', 'c__Insecta', 'o__Lepidoptera', 'f__Oecophoridae', 'g__Diurnea', 's__Diurnea_fagella']
Acleris_ferrugana	0.0	0.0	0.0	0.0	0.0	0.0	0.0	0.0	0.0	0.0	0.0	0.0	0.0	0.0	0.0	0.0	0.0	0.0	0.0	0.0	0.0	0.0	0.0	0.0	0.0	0.0	0.0	0.0	0.0	0.0	0.0	48.0	0.0	0.0	0.0	0.0	0.0	0.0	0.0	['k__Metazoa', 'p__Arthropoda', 'c__Insecta', 'o__Lepidoptera', 'f__Tortricidae', 'g__Acleris', 's__Acleris_ferrugana']
Acleris_sparsana	0.0	0.0	0.0	0.0	0.0	0.0	0.0	0.0	0.0	0.0	0.0	0.0	0.0	0.0	0.0	0.0	0.0	0.0	0.0	0.0	0.0	0.0	0.0	0.0	0.0	0.0	0.0	0.0	0.0	0.0	0.0	0.0	0.0	7.0	0.0	0.0	0.0	0.0	0.0	['k__Metazoa', 'p__Arthropoda', 'c__Insecta', 'o__Lepidoptera', 'f__Tortricidae', 'g__Acleris', 's__Acleris_sparsana']
Ancylis_mitterbacheriana	0.0	0.0	0.0	0.0	0.0	0.0	0.0	0.0	0.0	0.0	0.0	0.0	0.0	0.0	0.0	0.0	0.0	0.0	0.0	0.0	0.0	0.0	36.0	0.0	0.0	0.0	0.0	0.0	0.0	0.0	0.0	0.0	0.0	0.0	0.0	0.0	0.0	0.0	0.0	['k__Metazoa', 'p__Arthropoda', 'c__Insecta', 'o__Lepidoptera', 'f__Tortricidae', 'g__Ancylis', 's__Ancylis_mitterbacheriana']
Lobesia_reliquana	0.0	0.0	0.0	0.0	0.0	0.0	189.0	0.0	0.0	0.0	0.0	0.0	0.0	0.0	0.0	0.0	0.0	0.0	0.0	0.0	0.0	0.0	0.0	0.0	15574.0	0.0	0.0	0.0	0.0	0.0	0.0	3.0	0.0	0.0	0.0	0.0	0.0	0.0	0.0	['k__Metazoa', 'p__Arthropoda', 'c__Insecta', 'o__Lepidoptera', 'f__Tortricidae', 'g__Lobesia', 's__Lobesia_reliquana']
Ochropacha_duplaris	0.0	0.0	8.0	0.0	0.0	0.0	0.0	0.0	0.0	0.0	0.0	0.0	0.0	0.0	0.0	0.0	0.0	0.0	0.0	0.0	0.0	6.0	0.0	0.0	0.0	0.0	0.0	0.0	0.0	0.0	0.0	0.0	0.0	0.0	0.0	0.0	0.0	0.0	0.0	['k__Metazoa', 'p__Arthropoda', 'c__Insecta', 'o__Lepidoptera', 'f__unknown', 'g__Ochropacha', 's__Ochropacha_duplaris']
Panorpa_germanica	0.0	0.0	0.0	0.0	0.0	0.0	0.0	0.0	0.0	0.0	0.0	0.0	0.0	0.0	0.0	0.0	0.0	0.0	0.0	0.0	0.0	2254.0	0.0	0.0	0.0	0.0	0.0	0.0	0.0	0.0	0.0	0.0	0.0	0.0	0.0	0.0	0.0	0.0	0.0	['k__Metazoa', 'p__Arthropoda', 'c__Insecta', 'o__Mecoptera', 'f__Panorpidae', 'g__Panorpa', 's__Panorpa_germanica']
Chrysotropia_ciliata	0.0	0.0	0.0	0.0	154.0	0.0	8.0	0.0	0.0	0.0	0.0	0.0	0.0	0.0	61.0	0.0	0.0	11.0	0.0	0.0	0.0	0.0	0.0	0.0	0.0	0.0	0.0	0.0	0.0	0.0	0.0	0.0	2126.0	0.0	0.0	0.0	0.0	0.0	0.0	['k__Metazoa', 'p__Arthropoda', 'c__Insecta', 'o__Neuroptera', 'f__Chrysopidae', 'g__Chrysotropia', 's__Chrysotropia_ciliata']
Nineta_vittata	0.0	0.0	0.0	0.0	0.0	0.0	0.0	0.0	0.0	0.0	0.0	0.0	0.0	0.0	0.0	0.0	0.0	272.0	0.0	0.0	0.0	0.0	0.0	0.0	0.0	0.0	0.0	0.0	0.0	0.0	0.0	0.0	0.0	0.0	0.0	0.0	0.0	0.0	0.0	['k__Metazoa', 'p__Arthropoda', 'c__Insecta', 'o__Neuroptera', 'f__Chrysopidae', 'g__Nineta', 's__Nineta_vittata']
Nothochrysa_capitata	0.0	0.0	0.0	0.0	9.0	0.0	0.0	0.0	0.0	0.0	0.0	0.0	0.0	0.0	9.0	0.0	0.0	58.0	0.0	0.0	0.0	0.0	0.0	0.0	0.0	0.0	0.0	0.0	0.0	0.0	0.0	0.0	0.0	0.0	0.0	0.0	0.0	0.0	0.0	['k__Metazoa', 'p__Arthropoda', 'c__Insecta', 'o__Neuroptera', 'f__Chrysopidae', 'g__Nothochrysa', 's__Nothochrysa_capitata']
Hemerobius_micans	0.0	0.0	0.0	0.0	0.0	0.0	0.0	0.0	0.0	0.0	0.0	0.0	0.0	0.0	0.0	0.0	0.0	39.0	0.0	0.0	0.0	0.0	0.0	0.0	0.0	0.0	0.0	0.0	0.0	0.0	0.0	0.0	0.0	0.0	0.0	0.0	0.0	0.0	0.0	['k__Metazoa', 'p__Arthropoda', 'c__Insecta', 'o__Neuroptera', 'f__Hemerobiidae', 'g__Hemerobius', 's__Hemerobius_micans']
Calopteryx_maculata	0.0	0.0	0.0	0.0	3.0	0.0	0.0	0.0	0.0	0.0	0.0	0.0	4.0	0.0	0.0	0.0	0.0	3.0	91.0	0.0	0.0	0.0	0.0	0.0	0.0	0.0	0.0	0.0	0.0	0.0	0.0	0.0	0.0	0.0	0.0	0.0	0.0	0.0	0.0	['k__Metazoa', 'p__Arthropoda', 'c__Insecta', 'o__Odonata', 'f__Calopterygidae', 'g__Calopteryx', 's__Calopteryx_maculata']
Nipponomeconema_sinica	0.0	0.0	0.0	0.0	0.0	0.0	0.0	0.0	0.0	0.0	0.0	0.0	0.0	0.0	0.0	0.0	0.0	0.0	0.0	0.0	0.0	0.0	0.0	0.0	0.0	0.0	0.0	0.0	0.0	0.0	0.0	0.0	0.0	13.0	0.0	0.0	0.0	0.0	0.0	['k__Metazoa', 'p__Arthropoda', 'c__Insecta', 'o__Orthoptera', 'f__Tettigoniidae', 'g__Nipponomeconema', 's__Nipponomeconema_sinica']
Peripsocus_subfasciatus	0.0	0.0	0.0	0.0	0.0	0.0	0.0	0.0	0.0	0.0	0.0	0.0	0.0	0.0	0.0	0.0	0.0	0.0	0.0	201.0	0.0	0.0	0.0	0.0	0.0	0.0	0.0	0.0	0.0	0.0	0.0	0.0	0.0	0.0	0.0	0.0	0.0	0.0	0.0	['k__Metazoa', 'p__Arthropoda', 'c__Insecta', 'o__Psocoptera', 'f__Peripsocidae', 'g__Peripsocus', 's__Peripsocus_subfasciatus']
Stenopsocus_niger	360.0	1101.0	0.0	8.0	925.0	2729.0	314.0	0.0	0.0	0.0	0.0	0.0	1077.0	1427.0	0.0	0.0	1215.0	1785.0	55157.0	3841.0	0.0	0.0	1250.0	5409.0	1053.0	665.0	0.0	3269.0	0.0	142.0	7.0	0.0	0.0	265.0	3.0	357.0	0.0	0.0	0.0	['k__Metazoa', 'p__Arthropoda', 'c__Insecta', 'o__Psocoptera', 'f__Stenopsocidae', 'g__Stenopsocus', 's__Stenopsocus_niger']
Psocoptera_sp._BOLD:AAH3230	0.0	0.0	0.0	0.0	0.0	0.0	0.0	0.0	0.0	0.0	0.0	0.0	0.0	0.0	0.0	0.0	0.0	0.0	0.0	4.0	0.0	0.0	0.0	0.0	0.0	0.0	0.0	0.0	0.0	0.0	0.0	0.0	0.0	0.0	0.0	0.0	0.0	0.0	0.0	['k__Metazoa', 'p__Arthropoda', 'c__Insecta', 'o__Psocoptera', 'f__unknown', 'g__unknown', 's__Psocoptera_sp._BOLD:AAH3230']
Psocoptera_sp._BOLD:AAN8452	0.0	3.0	0.0	0.0	4.0	0.0	0.0	0.0	0.0	0.0	0.0	0.0	0.0	0.0	8.0	0.0	0.0	6.0	0.0	0.0	0.0	0.0	0.0	0.0	0.0	0.0	0.0	0.0	0.0	0.0	0.0	0.0	0.0	0.0	0.0	0.0	0.0	0.0	0.0	['k__Metazoa', 'p__Arthropoda', 'c__Insecta', 'o__Psocoptera', 'f__unknown', 'g__unknown', 's__Psocoptera_sp._BOLD:AAN8452']
Phaeostigma_notata	0.0	0.0	0.0	0.0	0.0	0.0	0.0	0.0	0.0	0.0	0.0	0.0	0.0	0.0	0.0	0.0	0.0	0.0	0.0	0.0	0.0	0.0	0.0	0.0	0.0	0.0	0.0	0.0	0.0	2830.0	0.0	0.0	0.0	0.0	0.0	0.0	0.0	0.0	0.0	['k__Metazoa', 'p__Arthropoda', 'c__Insecta', 'o__Raphidioptera', 'f__Raphidiidae', 'g__Phaeostigma', 's__Phaeostigma_notata']
Cepaea_nemoralis	0.0	0.0	0.0	0.0	0.0	0.0	0.0	0.0	0.0	0.0	0.0	0.0	9.0	0.0	0.0	0.0	0.0	0.0	5851.0	199.0	1859.0	51.0	0.0	0.0	0.0	0.0	0.0	0.0	4.0	0.0	0.0	0.0	465.0	0.0	14.0	0.0	0.0	0.0	0.0	['k__Metazoa', 'p__Mollusca', 'c__Gastropoda', 'o__unknown', 'f__Helicidae', 'g__Cepaea', 's__Cepaea_nemoralis']
Fusarium	0.0	6.0	0.0	0.0	0.0	0.0	0.0	0.0	5.0	0.0	0.0	0.0	0.0	0.0	0.0	0.0	18.0	0.0	17.0	0.0	0.0	0.0	0.0	0.0	0.0	0.0	15.0	0.0	0.0	0.0	0.0	9.0	0.0	0.0	0.0	0.0	0.0	0.0	0.0	['k__Fungi', 'p__Ascomycota', 'c__Sordariomycetes', 'o__Hypocreales', 'f__Nectriaceae', 'g__Fusarium']
Melampsora	0.0	0.0	0.0	0.0	0.0	0.0	0.0	0.0	0.0	0.0	0.0	0.0	0.0	0.0	0.0	0.0	0.0	0.0	0.0	0.0	0.0	3.0	0.0	0.0	0.0	0.0	0.0	0.0	0.0	0.0	0.0	0.0	0.0	0.0	0.0	0.0	0.0	0.0	0.0	['k__Fungi', 'p__Basidiomycota', 'c__Pucciniomycetes', 'o__Pucciniales', 'f__Melampsoraceae', 'g__Melampsora']
Clubiona	0.0	30.0	0.0	0.0	0.0	0.0	0.0	0.0	0.0	0.0	0.0	0.0	0.0	0.0	94.0	0.0	0.0	0.0	0.0	0.0	0.0	0.0	0.0	0.0	0.0	0.0	0.0	0.0	0.0	0.0	0.0	0.0	0.0	0.0	0.0	0.0	0.0	0.0	0.0	['k__Metazoa', 'p__Arthropoda', 'c__Arachnida', 'o__Araneae', 'f__Clubionidae', 'g__Clubiona']
Metellina	0.0	0.0	0.0	0.0	0.0	0.0	0.0	0.0	0.0	0.0	0.0	0.0	0.0	0.0	0.0	0.0	0.0	0.0	9.0	0.0	0.0	0.0	0.0	0.0	0.0	0.0	0.0	0.0	0.0	0.0	0.0	0.0	0.0	0.0	0.0	0.0	0.0	0.0	0.0	['k__Metazoa', 'p__Arthropoda', 'c__Arachnida', 'o__Araneae', 'f__Tetragnathidae', 'g__Metellina']
Tetragnatha	0.0	0.0	0.0	0.0	0.0	0.0	0.0	0.0	0.0	0.0	0.0	0.0	0.0	0.0	0.0	0.0	0.0	0.0	0.0	0.0	0.0	0.0	4.0	126.0	0.0	0.0	0.0	0.0	0.0	0.0	0.0	0.0	0.0	0.0	0.0	0.0	0.0	0.0	0.0	['k__Metazoa', 'p__Arthropoda', 'c__Arachnida', 'o__Araneae', 'f__Tetragnathidae', 'g__Tetragnatha']
Theridion	0.0	0.0	0.0	0.0	0.0	0.0	0.0	0.0	0.0	0.0	0.0	0.0	0.0	0.0	0.0	0.0	0.0	0.0	0.0	0.0	0.0	0.0	0.0	0.0	0.0	0.0	0.0	0.0	0.0	0.0	0.0	0.0	233.0	0.0	0.0	0.0	0.0	0.0	0.0	['k__Metazoa', 'p__Arthropoda', 'c__Arachnida', 'o__Araneae', 'f__Theridiidae', 'g__Theridion']
Entomobrya	39.0	0.0	0.0	0.0	0.0	0.0	0.0	0.0	0.0	0.0	0.0	0.0	0.0	0.0	0.0	0.0	0.0	0.0	0.0	0.0	0.0	0.0	0.0	0.0	0.0	0.0	0.0	0.0	0.0	0.0	0.0	0.0	0.0	0.0	0.0	0.0	0.0	0.0	0.0	['k__Metazoa', 'p__Arthropoda', 'c__Collembola', 'o__unknown', 'f__Entomobryidae', 'g__Entomobrya']
Dromius	0.0	0.0	0.0	0.0	0.0	0.0	0.0	0.0	0.0	0.0	0.0	0.0	0.0	0.0	0.0	0.0	0.0	1041.0	0.0	0.0	0.0	0.0	0.0	0.0	0.0	0.0	0.0	0.0	0.0	0.0	0.0	0.0	0.0	0.0	0.0	0.0	0.0	0.0	0.0	['k__Metazoa', 'p__Arthropoda', 'c__Insecta', 'o__Coleoptera', 'f__Carabidae', 'g__Dromius']
Oulema	0.0	0.0	0.0	0.0	0.0	0.0	0.0	0.0	0.0	0.0	0.0	0.0	0.0	0.0	0.0	0.0	0.0	0.0	0.0	0.0	0.0	0.0	0.0	0.0	0.0	0.0	0.0	0.0	0.0	1655.0	0.0	0.0	0.0	0.0	0.0	0.0	0.0	0.0	0.0	['k__Metazoa', 'p__Arthropoda', 'c__Insecta', 'o__Coleoptera', 'f__Chrysomelidae', 'g__Oulema']
Halyzia	30.0	0.0	0.0	0.0	0.0	0.0	0.0	0.0	0.0	0.0	0.0	0.0	0.0	0.0	0.0	77.0	0.0	0.0	0.0	0.0	0.0	0.0	0.0	0.0	0.0	0.0	0.0	0.0	0.0	0.0	0.0	0.0	119.0	0.0	0.0	0.0	0.0	0.0	0.0	['k__Metazoa', 'p__Arthropoda', 'c__Insecta', 'o__Coleoptera', 'f__Coccinellidae', 'g__Halyzia']
Propylea	2723.0	0.0	0.0	0.0	0.0	0.0	0.0	0.0	0.0	0.0	0.0	0.0	0.0	0.0	1157.0	0.0	0.0	0.0	0.0	0.0	0.0	3309.0	0.0	0.0	0.0	0.0	0.0	0.0	0.0	0.0	0.0	0.0	0.0	0.0	0.0	0.0	0.0	0.0	0.0	['k__Metazoa', 'p__Arthropoda', 'c__Insecta', 'o__Coleoptera', 'f__Coccinellidae', 'g__Propylea']
Cartodere	0.0	0.0	0.0	0.0	0.0	0.0	0.0	0.0	0.0	0.0	0.0	0.0	0.0	0.0	0.0	0.0	0.0	0.0	0.0	0.0	0.0	0.0	0.0	0.0	0.0	0.0	0.0	0.0	0.0	0.0	0.0	0.0	0.0	24.0	0.0	0.0	0.0	0.0	0.0	['k__Metazoa', 'p__Arthropoda', 'c__Insecta', 'o__Coleoptera', 'f__Latridiidae', 'g__Cartodere']
Chalarus	0.0	0.0	0.0	0.0	0.0	0.0	0.0	0.0	0.0	0.0	0.0	0.0	0.0	0.0	0.0	0.0	0.0	0.0	0.0	0.0	0.0	0.0	132.0	0.0	0.0	0.0	0.0	0.0	0.0	0.0	0.0	0.0	0.0	0.0	0.0	0.0	0.0	0.0	0.0	['k__Metazoa', 'p__Arthropoda', 'c__Insecta', 'o__Diptera', 'f__Pipunculidae', 'g__Chalarus']
Nilea	0.0	0.0	0.0	0.0	0.0	0.0	237.0	0.0	0.0	0.0	0.0	0.0	0.0	0.0	0.0	0.0	0.0	0.0	0.0	0.0	0.0	0.0	0.0	0.0	0.0	0.0	0.0	0.0	0.0	0.0	0.0	0.0	0.0	0.0	0.0	0.0	0.0	0.0	0.0	['k__Metazoa', 'p__Arthropoda', 'c__Insecta', 'o__Diptera', 'f__Tachinidae', 'g__Nilea']
Cloeon	0.0	0.0	0.0	0.0	0.0	0.0	0.0	0.0	0.0	0.0	0.0	0.0	0.0	0.0	0.0	0.0	0.0	0.0	0.0	0.0	0.0	10.0	0.0	0.0	0.0	0.0	0.0	0.0	0.0	0.0	0.0	0.0	0.0	0.0	0.0	0.0	0.0	0.0	0.0	['k__Metazoa', 'p__Arthropoda', 'c__Insecta', 'o__Ephemeroptera', 'f__Baetidae', 'g__Cloeon']
Elasmostethus	0.0	0.0	934.0	0.0	0.0	0.0	4.0	193.0	0.0	72.0	0.0	1326.0	0.0	1304.0	0.0	1988.0	0.0	0.0	0.0	0.0	47.0	0.0	0.0	42.0	0.0	347.0	0.0	581.0	4.0	726.0	2442.0	425.0	5.0	0.0	372.0	5.0	0.0	0.0	0.0	['k__Metazoa', 'p__Arthropoda', 'c__Insecta', 'o__Hemiptera', 'f__Acanthosomatidae', 'g__Elasmostethus']
Elasmucha	0.0	0.0	0.0	0.0	0.0	0.0	0.0	0.0	0.0	0.0	0.0	0.0	0.0	0.0	0.0	0.0	0.0	0.0	0.0	0.0	0.0	0.0	0.0	0.0	0.0	0.0	0.0	16.0	0.0	5.0	0.0	0.0	0.0	0.0	0.0	0.0	0.0	0.0	0.0	['k__Metazoa', 'p__Arthropoda', 'c__Insecta', 'o__Hemiptera', 'f__Acanthosomatidae', 'g__Elasmucha']
Anthocoris	0.0	0.0	0.0	0.0	0.0	0.0	0.0	0.0	0.0	0.0	0.0	0.0	0.0	0.0	0.0	0.0	0.0	0.0	0.0	15.0	0.0	0.0	0.0	0.0	0.0	0.0	20.0	0.0	0.0	0.0	0.0	0.0	0.0	0.0	0.0	0.0	0.0	0.0	0.0	['k__Metazoa', 'p__Arthropoda', 'c__Insecta', 'o__Hemiptera', 'f__Anthocoridae', 'g__Anthocoris']
Drepanosiphum	0.0	0.0	0.0	0.0	0.0	0.0	0.0	0.0	0.0	0.0	0.0	0.0	0.0	0.0	46.0	7.0	0.0	51.0	0.0	0.0	0.0	23.0	0.0	0.0	0.0	0.0	157.0	39.0	0.0	0.0	0.0	0.0	0.0	0.0	0.0	0.0	0.0	0.0	0.0	['k__Metazoa', 'p__Arthropoda', 'c__Insecta', 'o__Hemiptera', 'f__Aphididae', 'g__Drepanosiphum']
Euceraphis	0.0	0.0	1930.0	0.0	0.0	920.0	0.0	0.0	0.0	0.0	142351.0	0.0	0.0	0.0	0.0	0.0	0.0	0.0	0.0	0.0	0.0	0.0	0.0	0.0	0.0	0.0	0.0	6.0	0.0	0.0	0.0	0.0	0.0	0.0	0.0	5.0	0.0	0.0	0.0	['k__Metazoa', 'p__Arthropoda', 'c__Insecta', 'o__Hemiptera', 'f__Aphididae', 'g__Euceraphis']
Aphrophora	0.0	0.0	0.0	3.0	194.0	0.0	0.0	0.0	0.0	0.0	0.0	0.0	0.0	0.0	0.0	974.0	0.0	0.0	0.0	0.0	0.0	0.0	1179.0	0.0	0.0	391.0	0.0	0.0	0.0	0.0	0.0	0.0	0.0	0.0	0.0	0.0	0.0	0.0	0.0	['k__Metazoa', 'p__Arthropoda', 'c__Insecta', 'o__Hemiptera', 'f__Aphrophoridae', 'g__Aphrophora']
Philaenus	0.0	0.0	0.0	0.0	0.0	0.0	0.0	0.0	0.0	0.0	0.0	0.0	0.0	0.0	0.0	0.0	0.0	0.0	0.0	0.0	0.0	0.0	0.0	0.0	1491.0	0.0	0.0	0.0	0.0	0.0	0.0	0.0	0.0	0.0	0.0	0.0	0.0	0.0	0.0	['k__Metazoa', 'p__Arthropoda', 'c__Insecta', 'o__Hemiptera', 'f__Aphrophoridae', 'g__Philaenus']
Idiocerus	0.0	0.0	0.0	0.0	0.0	0.0	0.0	0.0	0.0	0.0	0.0	0.0	0.0	0.0	0.0	0.0	0.0	0.0	0.0	0.0	0.0	0.0	0.0	0.0	0.0	0.0	21.0	0.0	0.0	0.0	0.0	0.0	0.0	0.0	0.0	0.0	0.0	0.0	0.0	['k__Metazoa', 'p__Arthropoda', 'c__Insecta', 'o__Hemiptera', 'f__Cicadellidae', 'g__Idiocerus']
Oncopsis	0.0	0.0	0.0	0.0	0.0	0.0	0.0	0.0	0.0	0.0	0.0	0.0	0.0	0.0	0.0	0.0	0.0	0.0	0.0	0.0	0.0	0.0	0.0	0.0	0.0	40.0	0.0	0.0	0.0	0.0	0.0	0.0	0.0	0.0	0.0	0.0	0.0	0.0	0.0	['k__Metazoa', 'p__Arthropoda', 'c__Insecta', 'o__Hemiptera', 'f__Cicadellidae', 'g__Oncopsis']
Issus	0.0	0.0	0.0	0.0	14.0	0.0	0.0	0.0	0.0	0.0	0.0	0.0	0.0	0.0	0.0	0.0	0.0	0.0	0.0	0.0	0.0	0.0	0.0	0.0	0.0	0.0	0.0	0.0	0.0	0.0	0.0	0.0	0.0	0.0	0.0	0.0	0.0	0.0	0.0	['k__Metazoa', 'p__Arthropoda', 'c__Insecta', 'o__Hemiptera', 'f__Issidae', 'g__Issus']
Kleidocerys	0.0	0.0	0.0	0.0	0.0	0.0	0.0	0.0	0.0	0.0	0.0	0.0	0.0	0.0	0.0	112.0	104.0	0.0	0.0	0.0	0.0	0.0	0.0	0.0	0.0	0.0	0.0	0.0	0.0	178.0	404.0	0.0	0.0	0.0	1524.0	23.0	0.0	0.0	0.0	['k__Metazoa', 'p__Arthropoda', 'c__Insecta', 'o__Hemiptera', 'f__Lygaeidae', 'g__Kleidocerys']
Neolygus	0.0	0.0	0.0	0.0	0.0	0.0	0.0	0.0	0.0	0.0	0.0	0.0	0.0	0.0	0.0	0.0	0.0	0.0	0.0	0.0	0.0	0.0	0.0	0.0	0.0	14.0	0.0	0.0	0.0	0.0	0.0	0.0	0.0	0.0	0.0	0.0	0.0	0.0	0.0	['k__Metazoa', 'p__Arthropoda', 'c__Insecta', 'o__Hemiptera', 'f__Miridae', 'g__Neolygus']
Phytocoris	0.0	0.0	0.0	0.0	15114.0	0.0	9257.0	0.0	898.0	0.0	0.0	0.0	813.0	0.0	0.0	0.0	0.0	0.0	0.0	2104.0	0.0	0.0	0.0	1659.0	0.0	0.0	9.0	0.0	0.0	158.0	0.0	7.0	0.0	3190.0	0.0	510.0	0.0	0.0	0.0	['k__Metazoa', 'p__Arthropoda', 'c__Insecta', 'o__Hemiptera', 'f__Miridae', 'g__Phytocoris']
Himacerus	0.0	0.0	0.0	0.0	0.0	0.0	0.0	0.0	0.0	0.0	0.0	0.0	0.0	3.0	0.0	0.0	0.0	0.0	0.0	0.0	0.0	0.0	0.0	0.0	0.0	0.0	0.0	0.0	0.0	0.0	0.0	0.0	0.0	0.0	0.0	0.0	0.0	0.0	0.0	['k__Metazoa', 'p__Arthropoda', 'c__Insecta', 'o__Hemiptera', 'f__Nabidae', 'g__Himacerus']
Palomena	0.0	0.0	0.0	0.0	0.0	0.0	0.0	0.0	0.0	0.0	0.0	0.0	0.0	0.0	0.0	13.0	0.0	0.0	0.0	0.0	0.0	0.0	0.0	0.0	0.0	0.0	0.0	0.0	0.0	0.0	0.0	0.0	0.0	0.0	0.0	0.0	0.0	0.0	0.0	['k__Metazoa', 'p__Arthropoda', 'c__Insecta', 'o__Hemiptera', 'f__Pentatomidae', 'g__Palomena']
Diolcogaster	0.0	0.0	0.0	5.0	0.0	0.0	0.0	0.0	0.0	0.0	0.0	0.0	0.0	0.0	0.0	0.0	0.0	0.0	0.0	0.0	0.0	0.0	0.0	0.0	0.0	0.0	0.0	0.0	0.0	0.0	0.0	0.0	0.0	0.0	0.0	0.0	0.0	0.0	0.0	['k__Metazoa', 'p__Arthropoda', 'c__Insecta', 'o__Hymenoptera', 'f__Braconidae', 'g__Diolcogaster']
Aphanistes	0.0	0.0	0.0	0.0	0.0	0.0	0.0	0.0	0.0	0.0	0.0	0.0	0.0	0.0	0.0	65.0	0.0	0.0	0.0	0.0	0.0	0.0	0.0	0.0	0.0	0.0	0.0	0.0	0.0	0.0	0.0	0.0	0.0	0.0	0.0	0.0	0.0	0.0	0.0	['k__Metazoa', 'p__Arthropoda', 'c__Insecta', 'o__Hymenoptera', 'f__Ichneumonidae', 'g__Aphanistes']
Endromopoda	0.0	0.0	0.0	0.0	0.0	0.0	0.0	0.0	0.0	0.0	0.0	0.0	5.0	0.0	0.0	0.0	0.0	0.0	0.0	0.0	0.0	0.0	0.0	0.0	0.0	0.0	0.0	0.0	0.0	0.0	0.0	0.0	0.0	0.0	0.0	0.0	0.0	0.0	0.0	['k__Metazoa', 'p__Arthropoda', 'c__Insecta', 'o__Hymenoptera', 'f__Ichneumonidae', 'g__Endromopoda']
Tenthredo	0.0	0.0	0.0	0.0	0.0	0.0	0.0	3.0	0.0	0.0	0.0	0.0	0.0	0.0	0.0	0.0	0.0	0.0	325.0	0.0	0.0	134.0	0.0	69.0	0.0	0.0	117.0	0.0	0.0	0.0	12.0	0.0	0.0	0.0	0.0	0.0	0.0	0.0	0.0	['k__Metazoa', 'p__Arthropoda', 'c__Insecta', 'o__Hymenoptera', 'f__Tenthredinidae', 'g__Tenthredo']
Eilema	0.0	21.0	0.0	0.0	0.0	0.0	0.0	0.0	0.0	0.0	0.0	0.0	0.0	0.0	0.0	0.0	0.0	0.0	0.0	0.0	0.0	0.0	0.0	0.0	0.0	0.0	0.0	0.0	0.0	0.0	0.0	0.0	0.0	0.0	0.0	0.0	0.0	0.0	0.0	['k__Metazoa', 'p__Arthropoda', 'c__Insecta', 'o__Lepidoptera', 'f__Erebidae', 'g__Eilema']
Chloroclysta	0.0	0.0	0.0	0.0	0.0	0.0	0.0	0.0	0.0	0.0	0.0	0.0	0.0	0.0	0.0	0.0	0.0	0.0	0.0	0.0	0.0	0.0	0.0	0.0	0.0	0.0	0.0	0.0	0.0	0.0	0.0	100.0	0.0	0.0	0.0	0.0	0.0	0.0	0.0	['k__Metazoa', 'p__Arthropoda', 'c__Insecta', 'o__Lepidoptera', 'f__Geometridae', 'g__Chloroclysta']
Cyclophora	0.0	590.0	0.0	0.0	0.0	0.0	113.0	0.0	1205.0	0.0	0.0	0.0	0.0	0.0	0.0	0.0	0.0	3.0	0.0	0.0	0.0	0.0	0.0	0.0	429.0	0.0	5.0	0.0	0.0	641.0	0.0	0.0	457.0	4085.0	0.0	0.0	0.0	0.0	0.0	['k__Metazoa', 'p__Arthropoda', 'c__Insecta', 'o__Lepidoptera', 'f__Geometridae', 'g__Cyclophora']
Calliteara	0.0	0.0	0.0	0.0	0.0	0.0	0.0	0.0	0.0	0.0	0.0	0.0	0.0	0.0	5.0	0.0	0.0	0.0	0.0	0.0	0.0	0.0	0.0	0.0	0.0	0.0	0.0	0.0	0.0	0.0	0.0	0.0	0.0	0.0	0.0	0.0	0.0	0.0	0.0	['k__Metazoa', 'p__Arthropoda', 'c__Insecta', 'o__Lepidoptera', 'f__Lymantriidae', 'g__Calliteara']
Acronicta	0.0	0.0	0.0	12450.0	0.0	0.0	5.0	694.0	0.0	0.0	0.0	0.0	0.0	0.0	0.0	0.0	0.0	0.0	0.0	0.0	0.0	0.0	0.0	0.0	0.0	0.0	0.0	0.0	0.0	0.0	0.0	3.0	0.0	0.0	0.0	0.0	0.0	0.0	0.0	['k__Metazoa', 'p__Arthropoda', 'c__Insecta', 'o__Lepidoptera', 'f__Noctuidae', 'g__Acronicta']
Craniophora	5.0	0.0	0.0	0.0	0.0	72.0	0.0	0.0	0.0	0.0	0.0	0.0	0.0	0.0	0.0	0.0	0.0	0.0	0.0	0.0	0.0	0.0	0.0	0.0	0.0	0.0	0.0	0.0	0.0	0.0	0.0	0.0	0.0	0.0	0.0	0.0	0.0	0.0	0.0	['k__Metazoa', 'p__Arthropoda', 'c__Insecta', 'o__Lepidoptera', 'f__Noctuidae', 'g__Craniophora']
Euplexia	0.0	0.0	16.0	0.0	0.0	0.0	0.0	0.0	0.0	0.0	0.0	0.0	0.0	0.0	0.0	0.0	0.0	0.0	0.0	0.0	0.0	0.0	0.0	0.0	0.0	0.0	0.0	0.0	0.0	0.0	0.0	0.0	0.0	0.0	0.0	0.0	0.0	0.0	0.0	['k__Metazoa', 'p__Arthropoda', 'c__Insecta', 'o__Lepidoptera', 'f__Noctuidae', 'g__Euplexia']
Phalera	0.0	0.0	0.0	0.0	75.0	0.0	0.0	71.0	3.0	0.0	0.0	0.0	0.0	0.0	0.0	0.0	0.0	0.0	0.0	0.0	0.0	0.0	0.0	0.0	0.0	0.0	0.0	0.0	0.0	0.0	0.0	0.0	0.0	0.0	0.0	0.0	0.0	0.0	0.0	['k__Metazoa', 'p__Arthropoda', 'c__Insecta', 'o__Lepidoptera', 'f__Notodontidae', 'g__Phalera']
Diurnea	0.0	4.0	0.0	0.0	0.0	0.0	0.0	0.0	0.0	0.0	0.0	0.0	0.0	0.0	0.0	0.0	0.0	0.0	0.0	0.0	0.0	0.0	0.0	0.0	0.0	0.0	0.0	0.0	0.0	11.0	0.0	0.0	0.0	4.0	0.0	0.0	0.0	0.0	0.0	['k__Metazoa', 'p__Arthropoda', 'c__Insecta', 'o__Lepidoptera', 'f__Oecophoridae', 'g__Diurnea']
Acleris	0.0	0.0	0.0	0.0	0.0	0.0	0.0	0.0	0.0	0.0	0.0	0.0	0.0	0.0	0.0	0.0	0.0	0.0	0.0	0.0	0.0	0.0	0.0	0.0	0.0	0.0	0.0	0.0	0.0	0.0	0.0	0.0	0.0	16.0	0.0	0.0	0.0	0.0	0.0	['k__Metazoa', 'p__Arthropoda', 'c__Insecta', 'o__Lepidoptera', 'f__Tortricidae', 'g__Acleris']
Pammene	0.0	0.0	0.0	0.0	0.0	0.0	0.0	0.0	0.0	0.0	0.0	0.0	0.0	0.0	0.0	0.0	0.0	0.0	0.0	0.0	0.0	0.0	0.0	0.0	0.0	0.0	0.0	0.0	0.0	3.0	0.0	0.0	0.0	0.0	0.0	0.0	0.0	0.0	0.0	['k__Metazoa', 'p__Arthropoda', 'c__Insecta', 'o__Lepidoptera', 'f__Tortricidae', 'g__Pammene']
Valenzuela	0.0	0.0	0.0	0.0	0.0	0.0	0.0	0.0	0.0	0.0	0.0	0.0	0.0	0.0	0.0	0.0	19.0	0.0	0.0	0.0	0.0	0.0	0.0	0.0	0.0	0.0	0.0	0.0	0.0	0.0	0.0	0.0	0.0	0.0	0.0	0.0	0.0	0.0	0.0	['k__Metazoa', 'p__Arthropoda', 'c__Insecta', 'o__Psocoptera', 'f__Caeciliusidae', 'g__Valenzuela']
Stenopsocus	0.0	30.0	0.0	0.0	13.0	0.0	0.0	0.0	0.0	0.0	0.0	0.0	38.0	6.0	0.0	0.0	25.0	8.0	290.0	12.0	0.0	0.0	18.0	32.0	13.0	11.0	0.0	143.0	0.0	5.0	0.0	0.0	0.0	3.0	0.0	15.0	0.0	0.0	0.0	['k__Metazoa', 'p__Arthropoda', 'c__Insecta', 'o__Psocoptera', 'f__Stenopsocidae', 'g__Stenopsocus']
Grammotaulius	0.0	0.0	0.0	27.0	0.0	0.0	0.0	0.0	0.0	0.0	0.0	0.0	0.0	0.0	0.0	0.0	0.0	0.0	0.0	0.0	0.0	0.0	4955.0	0.0	0.0	0.0	0.0	0.0	0.0	0.0	0.0	0.0	0.0	0.0	0.0	0.0	0.0	0.0	0.0	['k__Metazoa', 'p__Arthropoda', 'c__Insecta', 'o__Trichoptera', 'f__Limnephilidae', 'g__Grammotaulius']
Cepaea	0.0	0.0	0.0	0.0	0.0	0.0	0.0	0.0	0.0	0.0	0.0	0.0	0.0	0.0	0.0	0.0	0.0	0.0	0.0	4.0	6.0	4.0	0.0	0.0	0.0	0.0	0.0	0.0	0.0	0.0	0.0	0.0	0.0	0.0	0.0	0.0	0.0	0.0	0.0	['k__Metazoa', 'p__Mollusca', 'c__Gastropoda', 'o__unknown', 'f__Helicidae', 'g__Cepaea']
Nectriaceae	0.0	0.0	0.0	0.0	0.0	0.0	0.0	0.0	11.0	0.0	0.0	0.0	0.0	0.0	0.0	0.0	0.0	4.0	26.0	0.0	0.0	0.0	0.0	0.0	0.0	0.0	0.0	3.0	0.0	0.0	0.0	0.0	25.0	0.0	0.0	3.0	0.0	0.0	0.0	['k__Fungi', 'p__Ascomycota', 'c__Sordariomycetes', 'o__Hypocreales', 'f__Nectriaceae']
Linyphiidae	0.0	0.0	0.0	0.0	0.0	0.0	0.0	0.0	0.0	0.0	0.0	0.0	0.0	0.0	8.0	0.0	0.0	5.0	19.0	0.0	0.0	0.0	0.0	10.0	0.0	0.0	0.0	9.0	0.0	0.0	0.0	0.0	0.0	0.0	0.0	0.0	0.0	0.0	0.0	['k__Metazoa', 'p__Arthropoda', 'c__Arachnida', 'o__Araneae', 'f__Linyphiidae']
Theridiidae	0.0	0.0	0.0	0.0	0.0	0.0	0.0	0.0	0.0	0.0	0.0	0.0	74.0	0.0	0.0	28.0	0.0	19.0	0.0	0.0	0.0	0.0	0.0	3.0	0.0	0.0	0.0	0.0	0.0	0.0	0.0	0.0	32.0	0.0	0.0	370.0	0.0	0.0	0.0	['k__Metazoa', 'p__Arthropoda', 'c__Arachnida', 'o__Araneae', 'f__Theridiidae']
Tomoceridae	0.0	0.0	0.0	0.0	0.0	0.0	0.0	0.0	0.0	0.0	0.0	0.0	919.0	0.0	0.0	0.0	0.0	0.0	0.0	0.0	0.0	0.0	0.0	0.0	0.0	0.0	0.0	0.0	0.0	0.0	0.0	0.0	0.0	0.0	0.0	0.0	0.0	0.0	0.0	['k__Metazoa', 'p__Arthropoda', 'c__Collembola', 'o__unknown', 'f__Tomoceridae']
Chrysomelidae	0.0	0.0	0.0	0.0	0.0	0.0	0.0	0.0	0.0	0.0	0.0	0.0	0.0	0.0	0.0	0.0	0.0	0.0	0.0	0.0	0.0	0.0	0.0	0.0	6.0	0.0	0.0	0.0	0.0	0.0	0.0	0.0	0.0	0.0	0.0	0.0	0.0	0.0	0.0	['k__Metazoa', 'p__Arthropoda', 'c__Insecta', 'o__Coleoptera', 'f__Chrysomelidae']
Coccinellidae	140.0	0.0	0.0	0.0	0.0	0.0	0.0	0.0	0.0	0.0	0.0	0.0	0.0	0.0	17.0	0.0	0.0	0.0	0.0	0.0	0.0	0.0	0.0	0.0	0.0	0.0	0.0	0.0	0.0	0.0	0.0	0.0	0.0	0.0	0.0	0.0	0.0	0.0	0.0	['k__Metazoa', 'p__Arthropoda', 'c__Insecta', 'o__Coleoptera', 'f__Coccinellidae']
Curculionidae	0.0	0.0	0.0	0.0	0.0	0.0	0.0	0.0	0.0	0.0	0.0	0.0	0.0	0.0	0.0	0.0	0.0	0.0	0.0	0.0	0.0	0.0	0.0	0.0	0.0	0.0	0.0	0.0	0.0	0.0	0.0	0.0	0.0	0.0	0.0	0.0	0.0	0.0	603.0	['k__Metazoa', 'p__Arthropoda', 'c__Insecta', 'o__Coleoptera', 'f__Curculionidae']
Elateridae	0.0	0.0	0.0	0.0	0.0	0.0	0.0	0.0	0.0	0.0	0.0	0.0	0.0	0.0	0.0	0.0	0.0	0.0	0.0	0.0	0.0	0.0	0.0	0.0	0.0	11.0	0.0	0.0	0.0	0.0	0.0	0.0	0.0	0.0	0.0	0.0	0.0	0.0	0.0	['k__Metazoa', 'p__Arthropoda', 'c__Insecta', 'o__Coleoptera', 'f__Elateridae']
Ceratopogonidae	0.0	0.0	0.0	0.0	0.0	0.0	0.0	0.0	0.0	0.0	0.0	0.0	0.0	0.0	0.0	0.0	3.0	0.0	0.0	0.0	0.0	0.0	0.0	0.0	0.0	0.0	0.0	0.0	0.0	0.0	0.0	0.0	0.0	0.0	0.0	0.0	0.0	0.0	0.0	['k__Metazoa', 'p__Arthropoda', 'c__Insecta', 'o__Diptera', 'f__Ceratopogonidae']
Phoridae	0.0	0.0	0.0	0.0	0.0	0.0	0.0	0.0	0.0	0.0	0.0	0.0	0.0	0.0	73.0	0.0	0.0	0.0	0.0	0.0	0.0	0.0	0.0	0.0	0.0	0.0	0.0	0.0	0.0	0.0	0.0	0.0	0.0	0.0	0.0	0.0	0.0	0.0	0.0	['k__Metazoa', 'p__Arthropoda', 'c__Insecta', 'o__Diptera', 'f__Phoridae']
Scathophagidae	0.0	0.0	0.0	5.0	0.0	0.0	0.0	0.0	0.0	0.0	0.0	0.0	0.0	0.0	0.0	0.0	0.0	0.0	0.0	0.0	0.0	0.0	972.0	0.0	0.0	0.0	0.0	0.0	0.0	0.0	0.0	0.0	0.0	0.0	0.0	0.0	0.0	0.0	0.0	['k__Metazoa', 'p__Arthropoda', 'c__Insecta', 'o__Diptera', 'f__Scathophagidae']
Syrphidae	78.0	0.0	0.0	0.0	0.0	0.0	0.0	0.0	0.0	0.0	0.0	0.0	0.0	0.0	0.0	0.0	0.0	69705.0	0.0	0.0	0.0	0.0	0.0	0.0	0.0	0.0	0.0	0.0	0.0	0.0	0.0	5.0	0.0	0.0	0.0	0.0	0.0	0.0	0.0	['k__Metazoa', 'p__Arthropoda', 'c__Insecta', 'o__Diptera', 'f__Syrphidae']
Tachinidae	0.0	0.0	0.0	0.0	0.0	0.0	0.0	0.0	0.0	0.0	0.0	0.0	0.0	0.0	0.0	0.0	0.0	0.0	0.0	0.0	0.0	0.0	0.0	0.0	0.0	0.0	0.0	4.0	0.0	0.0	0.0	0.0	0.0	0.0	0.0	0.0	0.0	0.0	0.0	['k__Metazoa', 'p__Arthropoda', 'c__Insecta', 'o__Diptera', 'f__Tachinidae']
Aphididae	0.0	0.0	31.0	0.0	0.0	0.0	0.0	0.0	0.0	0.0	0.0	0.0	0.0	0.0	0.0	0.0	0.0	0.0	0.0	0.0	0.0	0.0	0.0	0.0	0.0	0.0	0.0	0.0	0.0	0.0	0.0	0.0	0.0	0.0	27.0	0.0	0.0	0.0	0.0	['k__Metazoa', 'p__Arthropoda', 'c__Insecta', 'o__Hemiptera', 'f__Aphididae']
Cicadellidae	0.0	0.0	0.0	0.0	0.0	0.0	20.0	0.0	0.0	0.0	0.0	0.0	0.0	0.0	12.0	1528.0	0.0	76.0	3.0	51.0	0.0	0.0	79.0	17.0	0.0	0.0	3.0	0.0	0.0	0.0	0.0	0.0	0.0	0.0	0.0	0.0	0.0	0.0	4.0	['k__Metazoa', 'p__Arthropoda', 'c__Insecta', 'o__Hemiptera', 'f__Cicadellidae']
Delphacidae	0.0	0.0	0.0	0.0	0.0	0.0	0.0	0.0	0.0	0.0	0.0	0.0	0.0	0.0	0.0	0.0	0.0	0.0	0.0	0.0	0.0	0.0	0.0	0.0	0.0	0.0	0.0	0.0	0.0	0.0	0.0	0.0	0.0	0.0	13.0	0.0	0.0	0.0	0.0	['k__Metazoa', 'p__Arthropoda', 'c__Insecta', 'o__Hemiptera', 'f__Delphacidae']
Lygaeidae	0.0	0.0	0.0	0.0	0.0	0.0	0.0	0.0	0.0	0.0	0.0	0.0	0.0	0.0	0.0	0.0	0.0	0.0	0.0	0.0	0.0	0.0	0.0	0.0	0.0	0.0	0.0	0.0	0.0	5.0	7.0	0.0	0.0	0.0	0.0	6.0	0.0	0.0	0.0	['k__Metazoa', 'p__Arthropoda', 'c__Insecta', 'o__Hemiptera', 'f__Lygaeidae']
Miridae	3.0	0.0	0.0	0.0	0.0	0.0	0.0	0.0	0.0	0.0	0.0	0.0	0.0	0.0	0.0	0.0	27.0	0.0	0.0	53.0	0.0	0.0	0.0	0.0	0.0	0.0	28.0	0.0	0.0	0.0	0.0	0.0	0.0	0.0	0.0	4.0	0.0	0.0	0.0	['k__Metazoa', 'p__Arthropoda', 'c__Insecta', 'o__Hemiptera', 'f__Miridae']
Pentatomidae	0.0	0.0	0.0	0.0	0.0	0.0	0.0	0.0	0.0	0.0	0.0	22.0	0.0	0.0	0.0	0.0	0.0	0.0	0.0	0.0	0.0	0.0	0.0	0.0	0.0	0.0	0.0	0.0	0.0	0.0	0.0	0.0	0.0	0.0	0.0	0.0	0.0	0.0	0.0	['k__Metazoa', 'p__Arthropoda', 'c__Insecta', 'o__Hemiptera', 'f__Pentatomidae']
Psyllidae	0.0	0.0	0.0	0.0	0.0	0.0	0.0	0.0	0.0	0.0	0.0	0.0	0.0	0.0	0.0	0.0	0.0	0.0	0.0	0.0	0.0	0.0	0.0	0.0	0.0	0.0	0.0	78.0	0.0	0.0	0.0	0.0	0.0	0.0	0.0	0.0	0.0	0.0	0.0	['k__Metazoa', 'p__Arthropoda', 'c__Insecta', 'o__Hemiptera', 'f__Psyllidae']
Braconidae	0.0	0.0	0.0	0.0	0.0	0.0	0.0	0.0	0.0	0.0	0.0	0.0	0.0	0.0	0.0	0.0	0.0	0.0	0.0	0.0	0.0	0.0	0.0	0.0	0.0	0.0	0.0	0.0	0.0	3.0	0.0	0.0	0.0	0.0	0.0	0.0	0.0	0.0	0.0	['k__Metazoa', 'p__Arthropoda', 'c__Insecta', 'o__Hymenoptera', 'f__Braconidae']
Ichneumonidae	0.0	0.0	0.0	0.0	4.0	0.0	0.0	0.0	0.0	0.0	0.0	0.0	0.0	0.0	0.0	0.0	0.0	0.0	253.0	0.0	0.0	0.0	0.0	0.0	0.0	0.0	0.0	0.0	0.0	0.0	0.0	0.0	0.0	0.0	0.0	0.0	0.0	0.0	0.0	['k__Metazoa', 'p__Arthropoda', 'c__Insecta', 'o__Hymenoptera', 'f__Ichneumonidae']
Tenthredinidae	0.0	0.0	0.0	0.0	0.0	0.0	0.0	0.0	0.0	0.0	0.0	0.0	0.0	0.0	0.0	0.0	0.0	0.0	0.0	0.0	0.0	219.0	0.0	47.0	0.0	0.0	278.0	0.0	0.0	0.0	0.0	0.0	0.0	0.0	0.0	0.0	0.0	0.0	0.0	['k__Metazoa', 'p__Arthropoda', 'c__Insecta', 'o__Hymenoptera', 'f__Tenthredinidae']
Erebidae	0.0	6.0	3.0	0.0	0.0	0.0	0.0	0.0	0.0	0.0	0.0	0.0	0.0	0.0	1311.0	0.0	0.0	0.0	0.0	0.0	0.0	0.0	0.0	0.0	0.0	0.0	0.0	0.0	0.0	2026.0	706.0	0.0	0.0	441.0	0.0	147.0	3.0	113636.0	0.0	['k__Metazoa', 'p__Arthropoda', 'c__Insecta', 'o__Lepidoptera', 'f__Erebidae']
Geometridae	0.0	0.0	8.0	229.0	4.0	0.0	0.0	34.0	89.0	0.0	0.0	79.0	0.0	0.0	0.0	0.0	0.0	0.0	4.0	0.0	0.0	7.0	0.0	0.0	0.0	0.0	0.0	10.0	0.0	7.0	0.0	61.0	37.0	0.0	0.0	0.0	0.0	0.0	0.0	['k__Metazoa', 'p__Arthropoda', 'c__Insecta', 'o__Lepidoptera', 'f__Geometridae']
Lymantriidae	0.0	0.0	0.0	0.0	0.0	0.0	0.0	0.0	0.0	0.0	0.0	0.0	0.0	0.0	8.0	0.0	0.0	0.0	0.0	0.0	0.0	0.0	0.0	0.0	0.0	0.0	0.0	0.0	0.0	0.0	0.0	0.0	0.0	0.0	0.0	0.0	0.0	0.0	0.0	['k__Metazoa', 'p__Arthropoda', 'c__Insecta', 'o__Lepidoptera', 'f__Lymantriidae']
Noctuidae	0.0	0.0	0.0	91.0	0.0	192.0	0.0	0.0	0.0	0.0	0.0	0.0	0.0	0.0	0.0	0.0	0.0	0.0	0.0	0.0	0.0	0.0	0.0	0.0	0.0	0.0	0.0	0.0	0.0	0.0	0.0	0.0	0.0	0.0	0.0	0.0	0.0	0.0	0.0	['k__Metazoa', 'p__Arthropoda', 'c__Insecta', 'o__Lepidoptera', 'f__Noctuidae']
Nolidae	0.0	0.0	0.0	0.0	0.0	0.0	0.0	0.0	0.0	0.0	0.0	0.0	0.0	0.0	0.0	0.0	0.0	0.0	0.0	0.0	0.0	0.0	9.0	0.0	0.0	0.0	0.0	11.0	0.0	0.0	0.0	0.0	0.0	0.0	0.0	0.0	0.0	0.0	0.0	['k__Metazoa', 'p__Arthropoda', 'c__Insecta', 'o__Lepidoptera', 'f__Nolidae']
Notodontidae	0.0	0.0	0.0	0.0	251.0	0.0	0.0	91.0	9.0	0.0	0.0	0.0	0.0	0.0	0.0	0.0	0.0	0.0	0.0	0.0	0.0	0.0	0.0	0.0	0.0	0.0	0.0	0.0	0.0	0.0	0.0	0.0	0.0	0.0	0.0	0.0	0.0	0.0	0.0	['k__Metazoa', 'p__Arthropoda', 'c__Insecta', 'o__Lepidoptera', 'f__Notodontidae']
Oecophoridae	0.0	0.0	0.0	0.0	0.0	0.0	0.0	0.0	0.0	0.0	0.0	0.0	0.0	0.0	0.0	0.0	0.0	0.0	0.0	0.0	0.0	0.0	0.0	0.0	0.0	0.0	0.0	0.0	0.0	0.0	0.0	4.0	0.0	0.0	0.0	0.0	0.0	0.0	0.0	['k__Metazoa', 'p__Arthropoda', 'c__Insecta', 'o__Lepidoptera', 'f__Oecophoridae']
Tortricidae	0.0	0.0	0.0	0.0	0.0	0.0	0.0	0.0	0.0	0.0	0.0	0.0	0.0	0.0	0.0	0.0	0.0	0.0	0.0	0.0	0.0	0.0	0.0	0.0	9.0	0.0	0.0	0.0	0.0	0.0	0.0	0.0	0.0	0.0	0.0	0.0	0.0	0.0	0.0	['k__Metazoa', 'p__Arthropoda', 'c__Insecta', 'o__Lepidoptera', 'f__Tortricidae']
Chrysopidae	0.0	0.0	0.0	0.0	0.0	0.0	0.0	0.0	0.0	0.0	0.0	0.0	0.0	0.0	36.0	0.0	0.0	0.0	0.0	0.0	0.0	0.0	0.0	0.0	0.0	0.0	0.0	0.0	0.0	0.0	0.0	0.0	0.0	0.0	0.0	0.0	0.0	0.0	0.0	['k__Metazoa', 'p__Arthropoda', 'c__Insecta', 'o__Neuroptera', 'f__Chrysopidae']
Tettigoniidae	0.0	0.0	0.0	0.0	0.0	0.0	0.0	0.0	0.0	0.0	0.0	0.0	0.0	0.0	0.0	0.0	0.0	0.0	0.0	0.0	0.0	0.0	0.0	0.0	0.0	0.0	0.0	0.0	0.0	0.0	0.0	0.0	0.0	22.0	0.0	0.0	0.0	0.0	0.0	['k__Metazoa', 'p__Arthropoda', 'c__Insecta', 'o__Orthoptera', 'f__Tettigoniidae']
Caeciliusidae	0.0	0.0	0.0	0.0	0.0	0.0	0.0	0.0	0.0	0.0	0.0	0.0	0.0	0.0	0.0	0.0	0.0	0.0	0.0	0.0	0.0	0.0	0.0	0.0	0.0	0.0	0.0	0.0	0.0	0.0	0.0	0.0	0.0	0.0	0.0	3.0	0.0	0.0	0.0	['k__Metazoa', 'p__Arthropoda', 'c__Insecta', 'o__Psocoptera', 'f__Caeciliusidae']
Peripsocidae	0.0	0.0	0.0	0.0	0.0	0.0	0.0	0.0	0.0	0.0	0.0	0.0	0.0	0.0	0.0	0.0	0.0	0.0	0.0	6.0	0.0	0.0	0.0	0.0	0.0	0.0	0.0	0.0	0.0	0.0	0.0	0.0	0.0	0.0	0.0	0.0	0.0	0.0	0.0	['k__Metazoa', 'p__Arthropoda', 'c__Insecta', 'o__Psocoptera', 'f__Peripsocidae']
Cichlidae	59.0	0.0	0.0	0.0	10.0	0.0	0.0	0.0	0.0	0.0	0.0	0.0	0.0	0.0	0.0	0.0	0.0	0.0	0.0	0.0	0.0	5.0	0.0	0.0	0.0	0.0	0.0	0.0	0.0	0.0	0.0	0.0	12.0	0.0	0.0	0.0	0.0	0.0	6.0	['k__Metazoa', 'p__Chordata', 'c__Actinopteri', 'o__Cichliformes', 'f__Cichlidae']
Araneae	0.0	0.0	0.0	0.0	0.0	0.0	0.0	0.0	0.0	0.0	0.0	0.0	0.0	0.0	0.0	0.0	0.0	0.0	0.0	0.0	0.0	0.0	0.0	0.0	0.0	0.0	0.0	0.0	0.0	0.0	0.0	0.0	0.0	0.0	0.0	10.0	0.0	0.0	0.0	['k__Metazoa', 'p__Arthropoda', 'c__Arachnida', 'o__Araneae']
Coleoptera	0.0	0.0	0.0	0.0	0.0	0.0	0.0	0.0	0.0	0.0	0.0	0.0	0.0	0.0	0.0	0.0	0.0	3.0	0.0	3.0	0.0	0.0	0.0	0.0	0.0	0.0	0.0	0.0	0.0	15.0	0.0	0.0	0.0	0.0	0.0	0.0	0.0	0.0	0.0	['k__Metazoa', 'p__Arthropoda', 'c__Insecta', 'o__Coleoptera']
Diptera	459.0	0.0	0.0	0.0	466.0	0.0	10.0	0.0	0.0	0.0	0.0	7.0	0.0	5.0	4.0	998.0	0.0	108.0	0.0	59.0	0.0	194.0	39.0	7.0	12604.0	0.0	0.0	33.0	0.0	9.0	0.0	208.0	0.0	0.0	0.0	0.0	0.0	0.0	0.0	['k__Metazoa', 'p__Arthropoda', 'c__Insecta', 'o__Diptera']
Hemiptera	0.0	0.0	0.0	0.0	0.0	0.0	0.0	0.0	0.0	0.0	0.0	41.0	0.0	431.0	0.0	95.0	0.0	97.0	0.0	18.0	0.0	0.0	0.0	17.0	0.0	19.0	27.0	60.0	0.0	83.0	32.0	21.0	0.0	7.0	46.0	15.0	0.0	0.0	0.0	['k__Metazoa', 'p__Arthropoda', 'c__Insecta', 'o__Hemiptera']
Hymenoptera	4757.0	3.0	3.0	224.0	9.0	0.0	0.0	0.0	0.0	0.0	4.0	0.0	0.0	0.0	6.0	4.0	227.0	3.0	631.0	73.0	0.0	1636.0	42.0	60.0	2411.0	0.0	1898.0	61.0	113.0	13.0	0.0	491.0	6.0	6.0	4.0	0.0	0.0	0.0	61.0	['k__Metazoa', 'p__Arthropoda', 'c__Insecta', 'o__Hymenoptera']
Lepidoptera	0.0	184.0	464.0	300.0	266.0	562.0	83.0	197.0	66.0	0.0	0.0	57.0	0.0	0.0	433.0	8.0	12.0	0.0	7.0	0.0	0.0	5.0	89.0	0.0	30.0	10.0	0.0	348.0	163.0	47.0	30.0	316.0	15.0	66.0	0.0	0.0	0.0	4.0	310.0	['k__Metazoa', 'p__Arthropoda', 'c__Insecta', 'o__Lepidoptera']
Psocoptera	0.0	0.0	0.0	0.0	0.0	0.0	0.0	0.0	0.0	0.0	0.0	0.0	110.0	0.0	117.0	0.0	25.0	248.0	0.0	6.0	0.0	0.0	232.0	20.0	13.0	288.0	3.0	202.0	0.0	0.0	0.0	49.0	0.0	0.0	0.0	3381.0	123.0	0.0	833.0	['k__Metazoa', 'p__Arthropoda', 'c__Insecta', 'o__Psocoptera']
Insecta	52.0	18644.0	3.0	0.0	3.0	0.0	6.0	38.0	0.0	0.0	3.0	0.0	38.0	10.0	636.0	2956.0	185.0	11565.0	9.0	14430.0	0.0	40.0	30.0	13.0	1620.0	7.0	0.0	28327.0	122.0	5.0	15.0	3.0	4.0	49.0	4.0	0.0	0.0	0.0	16898.0	['k__Metazoa', 'p__Arthropoda', 'c__Insecta']
Arthropoda	0.0	0.0	0.0	0.0	0.0	0.0	0.0	0.0	0.0	0.0	0.0	0.0	0.0	0.0	0.0	36.0	0.0	0.0	0.0	0.0	0.0	0.0	0.0	0.0	0.0	0.0	0.0	38.0	0.0	0.0	0.0	0.0	6.0	0.0	0.0	0.0	0.0	0.0	0.0	['k__Metazoa', 'p__Arthropoda']
Metazoa	0.0	0.0	0.0	0.0	0.0	0.0	0.0	0.0	0.0	0.0	0.0	0.0	0.0	0.0	0.0	0.0	0.0	0.0	0.0	23.0	0.0	0.0	0.0	0.0	0.0	0.0	0.0	0.0	0.0	0.0	0.0	0.0	0.0	0.0	0.0	0.0	0.0	0.0	0.0	['k__Metazoa']
unassigned	57831.0	17572.0	57667.0	179.0	461.0	2426.0	118.0	27968.0	232.0	91742.0	42.0	53922.0	99527.0	104032.0	9658.0	41771.0	45930.0	5437.0	4705.0	8344.0	122351.0	28022.0	25123.0	2503.0	1165.0	114097.0	2006.0	48599.0	91691.0	48701.0	117588.0	59414.0	46696.0	9507.0	87553.0	74615.0	90793.0	360.0	1056.0	['__unassigned']
